,lo,hi,length
0,33001LACO01,33001LACO06,57734.0352491
1,33001LACO01,33001LACO03,27641.2502038
2,33001LACO01,33001LACO02,9527.04798225
3,33001LACO01,33001MERE01,43095.975602
4,33001LACO01,33001GILF01,7850.45227761
5,33001LACO06,33001LACO02,10267.333354
6,33001LACO06,33001GILF01,22541.6148631
7,33001LACO03,33001LACO02,5370.68676231
8,33001LACO03,33001LACO04,17796.8606263
9,33001LACO03,33001LACO05,811.836837056
10,33001LACO03,33001MERE01,65.0761781705
11,33001LACO03,33001BELM01,6259.72591138
12,33001LACO03,33001SANB01,5264.04324038
13,33001LACO02,33001LACO05,6222.84691375
14,33001LACO02,33001GILF01,6850.00564577
15,33001LACO04,33001LACO05,6724.30250053
16,33001LACO04,33001GILF01,5611.23293262
17,33001LACO04,33001BELM01,13139.4796515
18,33001LACO05,33001GILF01,1281.5263431
19,33001CENT01,33001NEWH01,22457.6438057
20,33001CENT01,33001MERE01,62617.5514282
21,33001CENT01,33003SAND01,0.0
22,33001CENT01,33003MOUL01,34794.6289868
23,33001CENT01,33009HOLD01,30570.0527297
24,33001CENT01,33009ASHL01,0.0
25,33001NEWH01,33001MERE01,44321.8525026
26,33001NEWH01,33001SANB01,47488.3478086
27,33001NEWH01,33009HOLD01,0.0
28,33001NEWH01,33009ASHL01,24089.2442689
29,33001NEWH01,33009BRID01,10822.7837441
30,33001NEWH01,33009BRIS01,47735.9751544
31,33001NEWH01,33013HILL01,9536.2335705
32,33001MERE01,33001GILF01,42166.7550269
33,33001MERE01,33001SANB01,96977.3454027
34,33001MERE01,33003MOUL01,35721.8487954
35,33001GILF01,33001ALTO01,30139.5331992
36,33001GILF01,33001GILM01,28691.5983537
37,33001GILF01,33001BELM01,20071.2898201
38,33001GILF01,33003MOUL01,89.865680219
39,33001ALTO01,33001BARN01,44949.5937633
40,33001ALTO01,33001GILM01,27953.762035
41,33001ALTO01,33003MOUL01,1143.0321679
42,33001ALTO01,33003TUFT01,21389.0206371
43,33001ALTO01,33003WOLF01,45069.309822
44,33001ALTO01,33017NDUR01,32793.1060292
45,33001ALTO01,33017FARM01,0.0
46,33001ALTO01,33017STFD01,0.0
47,33001BARN01,33001GILM01,50774.0713857
48,33001BARN01,33013LOUD01,0.0
49,33001BARN01,33013PITF01,41216.4533202
50,33001BARN01,33017NDUR01,0.0
51,33001BARN01,33017FARM01,0.0
52,33001BARN01,33017STFD01,28869.7915834
53,33001GILM01,33001BELM01,55420.5609387
54,33001GILM01,33013NFLD01,0.0
55,33001GILM01,33013CANT01,5237.88696538
56,33001GILM01,33013LOUD01,39315.3091408
57,33001GILM01,33013PITF01,0.0
58,33001BELM01,33001TILT01,20844.9973708
59,33001BELM01,33001SANB01,11686.6057651
60,33001BELM01,33013NFLD01,29487.103364
61,33001BELM01,33013CANT01,0.0
62,33001TILT01,33001SANB01,42484.6245789
63,33001TILT01,33013FRAN03,7987.20606094
64,33001TILT01,33013NFLD01,28712.2112832
65,33001SANB01,33013FRAN01,14626.5703747
66,33001SANB01,33013FRAN03,10908.4393852
67,33001SANB01,33013HILL01,9088.61138199
68,33003CHAT01,33003JACK01,26415.6562995
69,33003CHAT01,33003BART01,10380.2333427
70,33003CHAT01,33003CONW01,31586.5354858
71,33003CHAT01,33007BPUR01,38709.7936725
72,33003JACK01,33003BART01,151910.145319
73,33003JACK01,33007SARG01,20900.9650829
74,33003JACK01,33007BPUR01,53198.1368306
75,33003JACK01,33007PINK01,6889.6302756
76,33003HART01,33003BART01,24868.4992673
77,33003HART01,33007BGRT01,9742.65414989
78,33003HART01,33007CUTT01,6478.90790778
79,33003HART01,33007HADL01,17778.6558697
80,33003HART01,33007CARR01,7510.21870527
81,33003HART01,33009BETH01,10467.3266248
82,33003HART01,33009LIVE01,32766.362668
83,33003BART01,33003HALE01,13899.3412223
84,33003BART01,33003CONW01,32866.7657542
85,33003BART01,33003ALBA01,73416.5087674
86,33003BART01,33007SARG01,3407.34728367
87,33003BART01,33007HADL01,7160.19992487
88,33003BART01,33009LIVE01,14132.8400317
89,33003HALE01,33003CONW01,9001.57399946
90,33003HALE01,33003ALBA01,9076.80178711
91,33003CONW01,33003ALBA01,9398.25051807
92,33003CONW01,33003EATO01,48821.645345
93,33003CONW01,33003MADI01,18810.9391044
94,33003ALBA01,33003MADI01,53729.9030321
95,33003ALBA01,33003TAMW01,56918.0677434
96,33003ALBA01,33003SAND01,1197.73014492
97,33003ALBA01,33009LIVE01,3097.56883577
98,33003ALBA01,33009WATE01,11767.0535758
99,33003EATO01,33003MADI01,13119.7606087
100,33003EATO01,33003FREE01,32939.1482122
101,33003MADI01,33003TAMW01,13900.3935277
102,33003MADI01,33003OSSI01,2096.51665541
103,33003MADI01,33003FREE01,37664.3636497
104,33003TAMW01,33003SAND01,18252.7023257
105,33003TAMW01,33003MOUL01,18218.8334587
106,33003TAMW01,33003OSSI01,67763.9534812
107,33003SAND01,33003MOUL01,73936.9271533
108,33003SAND01,33009THOR01,2548.30068241
109,33003SAND01,33009WATE01,74046.0434779
110,33003SAND01,33009CAMP01,11009.1875435
111,33003SAND01,33009HOLD01,6254.17568496
112,33003MOUL01,33003TUFT01,64860.1442775
113,33003MOUL01,33003OSSI01,12636.8003725
114,33003MOUL01,33009HOLD01,0.0
115,33003TUFT01,33003OSSI01,24276.138077
116,33003TUFT01,33003WOLF01,40939.1418118
117,33003OSSI01,33003FREE01,47572.5355545
118,33003OSSI01,33003EFFI01,63177.0994457
119,33003OSSI01,33003WAKE01,17590.9328048
120,33003OSSI01,33003WOLF01,47045.8274638
121,33003FREE01,33003EFFI01,34823.5428745
122,33003EFFI01,33003WAKE01,12326.986089
123,33003WAKE01,33003WOLF01,1608.72725492
124,33003WAKE01,33003BROO01,15488.9139328
125,33003WAKE01,33017MIDD01,7266.68909393
126,33003WAKE01,33017MILT01,23779.1156925
127,33003WOLF01,33003BROO01,24504.9059834
128,33003WOLF01,33017NDUR01,13689.4817104
129,33003BROO01,33017NDUR01,9736.41619434
130,33003BROO01,33017MIDD01,56143.5191761
131,33005KEEN02,33005KEEN01,21292.4261043
132,33005KEEN02,33005KEEN03,28123.3846332
133,33005KEEN02,33005GILS01,16492.6741214
134,33005KEEN02,33005MRLB01,1615.60132128
135,33005KEEN02,33005ROXB01,27193.7317403
136,33005KEEN02,33005SULL01,13127.1164021
137,33005KEEN01,33005KEEN05,9205.19176349
138,33005KEEN01,33005KEEN03,67.9417152517
139,33005KEEN01,33005SWAN01,38446.0741856
140,33005KEEN01,33005MRLB01,4262.17935393
141,33005KEEN05,33005KEEN03,35989.4869137
142,33005KEEN05,33005KEEN04,33739.2543665
143,33005KEEN05,33005SURR01,9532.45538318
144,33005KEEN05,33005WEST01,14619.9256442
145,33005KEEN05,33005CHES01,8422.90421695
146,33005KEEN05,33005SWAN01,22404.9435495
147,33005KEEN03,33005KEEN04,17607.3480646
148,33005KEEN03,33005GILS01,243.942569295
149,33005KEEN03,33005SURR01,15295.7790801
150,33005WALP01,33005ALST01,18028.1124219
151,33005WALP01,33005SURR01,8819.6483864
152,33005WALP01,33005WEST01,36227.6510925
153,33005WALP01,33019CHAR01,7387.72886017
154,33005WALP01,33019LANG01,24392.5043602
155,33005ALST01,33005MRLW01,26012.8052326
156,33005ALST01,33005GILS01,23832.9710501
157,33005ALST01,33005SURR01,18714.2290974
158,33005ALST01,33019LANG01,21124.0517262
159,33005ALST01,33019ACWO01,25510.6022326
160,33005MRLW01,33005STOD01,8457.51593972
161,33005MRLW01,33005GILS01,17946.6164524
162,33005MRLW01,33019ACWO01,15529.7415157
163,33005MRLW01,33019LEMP01,23096.329529
164,33005MRLW01,33019WASH01,9811.5450607
165,33005STOD01,33005GILS01,3249.36922222
166,33005STOD01,33005SULL01,12395.5583113
167,33005STOD01,33005NELS01,45430.049125
168,33005STOD01,33011WNDS01,8264.59107306
169,33005STOD01,33011ANTR01,9213.43299819
170,33005STOD01,33019WASH01,102434.182808
171,33005GILS01,33005SURR01,9586.58788887
172,33005GILS01,33005SULL01,47383.5787345
173,33005SURR01,33005WEST01,4418.94561166
174,33005WEST01,33005CHES01,115923.071644
175,33005CHES01,33005HINS01,28579.7659836
176,33005CHES01,33005WINC01,64223.6055893
177,33005CHES01,33005SWAN01,16903.2778344
178,33005HINS01,33005WINC01,16767.2838313
179,33005WINC01,33005SWAN01,51788.4697755
180,33005WINC01,33005RICH01,16172.7162231
181,33005SWAN01,33005RICH01,30656.3423375
182,33005SWAN01,33005TROY01,12220.9541559
183,33005SWAN01,33005MRLB01,13067.0510629
184,33005RICH01,33005FITZ01,9705.91459888
185,33005RICH01,33005TROY01,8603.23088192
186,33005FITZ01,33005TROY01,66421.3317051
187,33005FITZ01,33005JAFF01,16186.9002914
188,33005FITZ01,33005RIND01,9851.22725814
189,33005TROY01,33005MRLB01,31775.3035628
190,33005TROY01,33005JAFF01,4787.15290211
191,33005MRLB01,33005ROXB01,23587.6534069
192,33005MRLB01,33005HARR01,1327.69423687
193,33005MRLB01,33005DUBL01,10122.1649031
194,33005MRLB01,33005JAFF01,8257.2978651
195,33005ROXB01,33005SULL01,15441.2217032
196,33005ROXB01,33005NELS01,6753.59945756
197,33005ROXB01,33005HARR01,6002.53340417
198,33005SULL01,33005NELS01,4799.24270927
199,33005NELS01,33005HARR01,40190.1601109
200,33005NELS01,33011ANTR01,1579.37407441
201,33005NELS01,33011HANC01,8999.66636534
202,33005HARR01,33005DUBL01,113484.913385
203,33005HARR01,33011HANC01,24686.0909571
204,33005HARR01,33011PETE01,1573.29560205
205,33005DUBL01,33005JAFF01,53740.8930233
206,33005DUBL01,33011PETE01,7323.29123899
207,33005JAFF01,33005RIND01,85423.5679448
208,33005JAFF01,33011SHAR01,6120.42145091
209,33005JAFF01,33011PETE01,4289.74873789
210,33005RIND01,33011SHAR01,10775.5733367
211,33005RIND01,33011NIPS01,10442.3483214
212,33007BERL01,33007BERL03,6965.63575585
213,33007BERL01,33007BERL02,32575.7893852
214,33007BERL01,33007BERL04,3257.23850716
215,33007BERL01,33007MILA01,42886.3529706
216,33007BERL01,33007KILK01,21153.640871
217,33007BERL01,33007RAND01,51222.7775146
218,33007BERL01,33007GORH01,22331.4938154
219,33007BERL03,33007BERL02,44066.70883
220,33007BERL03,33007BERL04,9358.77608762
221,33007BERL03,33007SUCC01,9579.5202395
222,33007BERL03,33007MILA01,41972.1752928
223,33007BERL02,33007BERL04,5547.14291564
224,33007CRAW01,33007CHAN01,2554.58196468
225,33007CRAW01,33007BGRT01,17234.7009517
226,33007CRAW01,33007LOWB01,18929.0416149
227,33007CRAW01,33007CARR01,24837.5978221
228,33007CHAN01,33007BGRT01,8186.7440124
229,33007CHAN01,33007CUTT01,2697.69610617
230,33007CHAN01,33007SARG01,11266.1247911
231,33007CHAN01,33007THOM01,4338.16167723
232,33007CHAN01,33007LOWB01,3156.64817751
233,33007BGRT01,33007CUTT01,12281.6606534
234,33007BGRT01,33007CARR01,6186.68187728
235,33007CUTT01,33007SARG01,48247.8480427
236,33007CUTT01,33007HADL01,18665.8168265
237,33007SARG01,33007HADL01,23639.5155358
238,33007SARG01,33007PINK01,15278.998462
239,33007SARG01,33007THOM01,41757.0653151
240,33007BERL04,33007SUCC01,7222.19357393
241,33007BERL04,33007GORH01,9305.57996219
242,33007PITB01,33007CLAR01,227015.0607
243,33007PITB01,33007ATGT01,42280.9374533
244,33007CLAR01,33007STEW01,145108.604563
245,33007CLAR01,33007DIXV01,23519.1081715
246,33007CLAR01,33007ATGT01,8155.50144812
247,33007CLAR01,33007DIXG01,13456.8910308
248,33007STEW01,33007COLE01,75560.1171412
249,33007STEW01,33007DIXV01,9842.45594674
250,33007COLE01,33007DIXV01,15964.7625388
251,33007COLE01,33007COLU01,65196.4813859
252,33007DIXV01,33007DIXG01,13107.0369029
253,33007DIXV01,33007WENL01,3711.12901895
254,33007DIXV01,33007ERRO01,0.0
255,33007DIXV01,33007MILL01,83554.1173678
256,33007DIXV01,33007ERVI01,8619.33716703
257,33007DIXV01,33007COLU01,5227.34817124
258,33007ATGT01,33007DIXG01,13118.1593358
259,33007ATGT01,33007SECO01,71161.2107025
260,33007DIXG01,33007SECO01,28352.3987695
261,33007DIXG01,33007WENL01,15429.374135
262,33007SECO01,33007WENL01,47055.7749666
263,33007WENL01,33007ERRO01,126040.038402
264,33007WENL01,33007MILL01,0.0
265,33007ERRO01,33007MILL01,14880.1760736
266,33007ERRO01,33007DUMM01,11475.198198
267,33007ERRO01,33007CAMB01,53009.5690576
268,33007MILL01,33007ERVI01,4244.75978192
269,33007MILL01,33007ODEL01,9120.44816988
270,33007MILL01,33007DUMM01,41655.948506
271,33007ERVI01,33007COLU01,4008.0182075
272,33007ERVI01,33007ODEL01,26288.6860079
273,33007COLU01,33007STRT01,115285.858711
274,33007COLU01,33007ODEL01,30653.4086358
275,33007STRT01,33007ODEL01,36835.8796383
276,33007STRT01,33007STAR01,28900.9217331
277,33007STRT01,33007NORU01,25387.897897
278,33007ODEL01,33007DUMM01,5091.63460714
279,33007ODEL01,33007STAR01,33017.8835923
280,33007DUMM01,33007CAMB01,12092.9753848
281,33007DUMM01,33007MILA01,100149.277322
282,33007DUMM01,33007STAR01,10550.6063672
283,33007CAMB01,33007SUCC01,15386.7180324
284,33007CAMB01,33007MILA01,79207.3863485
285,33007SUCC01,33007MILA01,43183.2902235
286,33007SUCC01,33007GORH01,1405.97331754
287,33007SUCC01,33007SHEL01,52156.3579336
288,33007MILA01,33007STAR01,7191.94084106
289,33007MILA01,33007KILK01,10022.6179977
290,33007STAR01,33007NORU01,49397.6837461
291,33007STAR01,33007LANC01,3136.28963766
292,33007STAR01,33007KILK01,39794.4446502
293,33007NORU01,33007LANC01,92563.5921268
294,33007LANC01,33007KILK01,7482.12663701
295,33007LANC01,33007DALT01,11957.5024223
296,33007LANC01,33007WHIT01,31501.2692694
297,33007LANC01,33007JEFF01,41459.7924216
298,33007KILK01,33007JEFF01,35149.1095877
299,33007KILK01,33007RAND01,4431.26728346
300,33007DALT01,33007WHIT01,37791.2286422
301,33007DALT01,33009LITT01,26266.8932985
302,33007DALT01,33009BETH01,3649.20048352
303,33007WHIT01,33007JEFF01,24925.3204813
304,33007WHIT01,33007CARR01,32201.7206091
305,33007WHIT01,33009BETH01,36553.3349254
306,33007JEFF01,33007RAND01,7073.39398881
307,33007JEFF01,33007LOWB01,23828.4226257
308,33007JEFF01,33007CARR01,32745.5309609
309,33007RAND01,33007GORH01,25655.726288
310,33007RAND01,33007THOM01,0.0
311,33007RAND01,33007LOWB01,51499.9539255
312,33007GORH01,33007SHEL01,11550.9934443
313,33007GORH01,33007BPUR01,11698.9925084
314,33007GORH01,33007MART01,14955.4735083
315,33007GORH01,33007THOM01,5215.46454132
316,33007GORH01,33007LOWB01,0.0
317,33007SHEL01,33007BPUR01,52956.48187
318,33007BPUR01,33007MART01,6502.1734953
319,33007BPUR01,33007GRGT01,10005.4359939
320,33007BPUR01,33007PINK01,11280.0052178
321,33007MART01,33007GRGT01,12345.7099336
322,33007MART01,33007THOM01,3926.26154364
323,33007GRGT01,33007PINK01,6823.06503459
324,33007GRGT01,33007THOM01,7394.21453668
325,33007PINK01,33007THOM01,952.050048894
326,33007THOM01,33007LOWB01,43474.5111547
327,33007LOWB01,33007CARR01,10166.686489
328,33007CARR01,33009BETH01,66954.8074737
329,33009LEBA02,33009LEBA01,51861.7894464
330,33009LEBA02,33009LEBA03,31946.8008139
331,33009LEBA02,33009HANO01,827.068521017
332,33009LEBA02,33019PLFD01,14854.0469245
333,33009LEBA01,33009HANO01,24875.221768
334,33009LEBA01,33019PLFD01,23400.6975832
335,33009LEBA03,33009ENFI01,38586.5489675
336,33009LEBA03,33009CANA01,0.0
337,33009LEBA03,33009HANO01,39713.9463487
338,33009LEBA03,33019PLFD01,6117.99783238
339,33009LITT01,33009BETH01,72603.5861497
340,33009LITT01,33009MONR01,20265.9951171
341,33009LITT01,33009LYMA01,24634.974361
342,33009LITT01,33009LISB01,24985.9509444
343,33009LITT01,33009SUGA01,0.0
344,33009BETH01,33009LISB01,0.0
345,33009BETH01,33009SUGA01,17391.7458748
346,33009BETH01,33009FRCA01,76757.694654
347,33009BETH01,33009LINC01,42183.7879862
348,33009BETH01,33009LIVE01,3574.60615576
349,33009MONR01,33009LYMA01,35709.0214075
350,33009MONR01,33009BATH01,34289.1927405
351,33009LYMA01,33009LISB01,56881.5505073
352,33009LYMA01,33009BATH01,28998.2769025
353,33009LISB01,33009SUGA01,21684.6837975
354,33009LISB01,33009BATH01,1505.5230308
355,33009LISB01,33009LAND01,31543.5450991
356,33009SUGA01,33009FRCA01,17023.9009963
357,33009SUGA01,33009LAND01,11128.254546
358,33009SUGA01,33009EASN01,22593.4001731
359,33009FRCA01,33009EASN01,21902.166928
360,33009FRCA01,33009LINC01,72308.3060741
361,33009BATH01,33009LAND01,12576.4580698
362,33009BATH01,33009HAVE01,92852.9803223
363,33009BATH01,33009BENT01,11.7990670415
364,33009LAND01,33009EASN01,17892.9522349
365,33009LAND01,33009BENT01,40454.5610414
366,33009EASN01,33009LINC01,19298.4123825
367,33009EASN01,33009BENT01,23250.0132056
368,33009EASN01,33009WOOD01,8530.21844476
369,33009LINC01,33009LIVE01,120275.131083
370,33009LINC01,33009WOOD01,96257.7439363
371,33009LINC01,33009THOR01,5160.03186635
372,33009LIVE01,33009THOR01,10927.6244016
373,33009LIVE01,33009WATE01,82245.7891234
374,33009HAVE01,33009BENT01,22569.6022697
375,33009HAVE01,33009PIER01,49591.5200542
376,33009HAVE01,33009WARR01,0.0
377,33009BENT01,33009WOOD01,14531.831216
378,33009BENT01,33009PIER01,0.0
379,33009BENT01,33009WARR01,50930.3681335
380,33009WOOD01,33009THOR01,71353.1693221
381,33009WOOD01,33009WARR01,17717.132998
382,33009WOOD01,33009ELLS01,25247.0265368
383,33009THOR01,33009WATE01,17332.0295581
384,33009THOR01,33009ELLS01,6066.64441228
385,33009THOR01,33009CAMP01,125297.272759
386,33009PIER01,33009WARR01,9339.00970528
387,33009PIER01,33009ORFO01,46941.4723316
388,33009PIER01,33009WENT01,8833.81416126
389,33009WARR01,33009ELLS01,11737.5613848
390,33009WARR01,33009WENT01,49263.2677403
391,33009WARR01,33009RUMN01,0.0
392,33009ELLS01,33009WENT01,0.0
393,33009ELLS01,33009RUMN01,75691.0198981
394,33009ELLS01,33009CAMP01,3248.72513777
395,33009ORFO01,33009WENT01,27595.7040402
396,33009ORFO01,33009LYME01,103528.959254
397,33009ORFO01,33009DORC01,0.0
398,33009WENT01,33009RUMN01,31056.3934745
399,33009WENT01,33009LYME01,0.0
400,33009WENT01,33009DORC01,43899.0613644
401,33009WENT01,33009GROT01,0.0
402,33009RUMN01,33009CAMP01,11496.7219943
403,33009RUMN01,33009DORC01,0.0
404,33009RUMN01,33009GROT01,95704.0017094
405,33009RUMN01,33009PLYM01,12426.4867168
406,33009CAMP01,33009PLYM01,30764.7862287
407,33009CAMP01,33009HOLD01,45872.718344
408,33009LYME01,33009DORC01,16085.3945165
409,33009LYME01,33009CANA01,6395.49765292
410,33009LYME01,33009HANO01,47392.6460887
411,33009DORC01,33009GROT01,14444.9287152
412,33009DORC01,33009ORAN01,0.0
413,33009DORC01,33009CANA01,92361.3560238
414,33009GROT01,33009HEBR01,25180.7260333
415,33009GROT01,33009PLYM01,14702.97464
416,33009GROT01,33009ALEX01,14713.38283
417,33009GROT01,33009ORAN01,17180.1439438
418,33009GROT01,33009CANA01,0.0
419,33009HEBR01,33009PLYM01,33929.2048015
420,33009HEBR01,33009BRID01,9302.40903183
421,33009HEBR01,33009BRIS01,12325.1982387
422,33009HEBR01,33009ALEX01,26523.2710988
423,33009PLYM01,33009HOLD01,16404.5753314
424,33009PLYM01,33009ASHL01,9330.92260987
425,33009PLYM01,33009BRID01,27950.2805085
426,33009HOLD01,33009ASHL01,71171.0130576
427,33009ASHL01,33009BRID01,7604.9897286
428,33009BRID01,33009BRIS01,98215.5438467
429,33009BRIS01,33009ALEX01,21903.0955951
430,33009BRIS01,33013HILL01,14236.2897639
431,33009ALEX01,33009ORAN01,32476.3536978
432,33009ALEX01,33009GRAF01,13205.8281852
433,33009ALEX01,33013DANB01,19284.2584821
434,33009ALEX01,33013HILL01,23204.0435109
435,33009ORAN01,33009GRAF01,38741.4861756
436,33009ORAN01,33009CANA01,56929.7513049
437,33009GRAF01,33009ENFI01,19165.1440303
438,33009GRAF01,33009CANA01,5587.07297816
439,33009GRAF01,33013DANB01,25639.0966675
440,33009GRAF01,33013WILM01,1638.91501583
441,33009GRAF01,33019SPRI01,49559.8387651
442,33009ENFI01,33009CANA01,51442.3715108
443,33009ENFI01,33009HANO01,0.0
444,33009ENFI01,33019PLFD01,13556.2649426
445,33009ENFI01,33019GRAN01,39532.4464816
446,33009ENFI01,33019SPRI01,8276.97395709
447,33009CANA01,33009HANO01,32272.8990172
448,33011MANC03,33011MANC04,1108.49975627
449,33011MANC03,33011MANC11,1280.32602474
450,33011MANC03,33011MANC09,5862.69180697
451,33011MANC03,33011MANC05,775.262195675
452,33011MANC03,33011MANC07,882.519322528
453,33011MANC03,33011MANC10,2170.47670231
454,33011MANC03,33011MANC12,5042.92604606
455,33011MANC03,33011MANC01,5148.15835991
456,33011MANC03,33011MANC02,2703.70320235
457,33011MANC04,33011MANC05,27209.866536
458,33011MANC04,33011MANC06,7799.56465496
459,33011MANC04,33011MANC02,10565.0390551
460,33011MANC11,33011MANC10,9689.09419054
461,33011MANC11,33011MANC12,19752.5567547
462,33011MANC09,33011MANC07,4521.98348432
463,33011MANC09,33011MANC08,20316.9983648
464,33011MANC09,33011MANC10,1561.37388298
465,33011MANC09,33011BEDF01,8086.14532273
466,33011SHAR01,33011TEMP01,22514.175608
467,33011SHAR01,33011PETE01,68221.6017467
468,33011SHAR01,33011NIPS01,16087.5686586
469,33011TEMP01,33011WILT01,21754.838996
470,33011TEMP01,33011GRFD01,10475.8749277
471,33011TEMP01,33011PETE01,8940.78006096
472,33011TEMP01,33011LYND01,10059.3949709
473,33011TEMP01,33011NIPS01,28798.4810672
474,33011TEMP01,33011GRNV01,3964.39464885
475,33011WILT01,33011MILF01,7287.26672478
476,33011WILT01,33011LYND01,37429.6947468
477,33011WILT01,33011GRNV01,7593.79065327
478,33011WILT01,33011MASO01,25889.4166695
479,33011MILF01,33011AMHE01,49539.8141888
480,33011MILF01,33011LYND01,15632.0914085
481,33011MILF01,33011MONT01,10501.8152062
482,33011MILF01,33011MASO01,3769.12106268
483,33011MILF01,33011BRKL01,31153.9253947
484,33011MILF01,33011HOLL01,14491.1643978
485,33011AMHE01,33011MERR01,15513.0094385
486,33011AMHE01,33011NBOS01,11440.5358286
487,33011AMHE01,33011BEDF01,16788.5615376
488,33011AMHE01,33011MONT01,35215.7692183
489,33011AMHE01,33011HOLL01,17818.7576381
490,33011MERR01,33011MANC08,991.836601573
491,33011MERR01,33011NASH02,19183.70816
492,33011MERR01,33011NASH01,3153.65570484
493,33011MERR01,33011NASH03,24990.8550488
494,33011MERR01,33011BEDF01,42863.7540283
495,33011MERR01,33011LITC01,25905.9185709
496,33011MERR01,33011HOLL01,1493.8450439
497,33011MANC05,33011MANC06,2312.69053412
498,33011MANC05,33011MANC07,12217.6483153
499,33011MANC06,33011MANC07,4379.36472774
500,33011MANC06,33011MANC08,15803.8724981
501,33011MANC06,33011MANC02,13846.129223
502,33011MANC06,33013HOOK01,0.0
503,33011MANC06,33015LOND01,4478.60721943
504,33011MANC06,33015AUBU01,18060.9387586
505,33011MANC07,33011MANC08,15577.357918
506,33011MANC08,33011BEDF01,3535.89912035
507,33011MANC08,33011LITC01,9339.98889139
508,33011MANC08,33015LOND01,30374.4877179
509,33011MANC10,33011GOFF01,2170.73555101
510,33011MANC10,33011BEDF01,17291.1408033
511,33011MANC10,33011MANC12,2148.81850669
512,33011NASH02,33011NASH01,20896.0752008
513,33011NASH02,33011NASH04,5567.14450652
514,33011NASH02,33011NASH03,14364.1288549
515,33011NASH01,33011NASH04,1516.27750481
516,33011NASH01,33011NASH05,13199.2992191
517,33011NASH01,33011HOLL01,23226.0729378
518,33011NASH04,33011NASH03,6772.41214061
519,33011NASH04,33011NASH07,6204.09088955
520,33011NASH04,33011NASH06,11555.5700469
521,33011NASH04,33011NASH05,1778.34761302
522,33011NASH03,33011NASH07,9068.86547758
523,33011NASH03,33011LITC01,1684.02790011
524,33011NASH03,33011HUDS01,8661.9397942
525,33011NASH07,33011NASH06,8192.03563236
526,33011NASH07,33011NASH08,8719.44916987
527,33011NASH07,33011HUDS01,8402.34412639
528,33011NASH06,33011NASH09,15319.3510616
529,33011NASH06,33011NASH05,944.301406536
530,33011NASH06,33011NASH08,3657.00006123
531,33011NASH09,33011NASH05,25728.5231073
532,33011NASH09,33011NASH08,8344.78327006
533,33011NASH05,33011HOLL01,7665.12400469
534,33011NASH08,33011HUDS01,3714.82944195
535,33011HILS01,33011WNDS01,16743.1648819
536,33011HILS01,33011ANTR01,53438.364424
537,33011HILS01,33011DRNG01,21513.3273248
538,33011HILS01,33013BRAD01,35016.039958
539,33011HILS01,33013HENN01,23348.8908024
540,33011HILS01,33019WASH01,15663.9850813
541,33011WNDS01,33011ANTR01,43476.5055255
542,33011WNDS01,33019WASH01,6437.66540316
543,33011ANTR01,33011DRNG01,18895.2208823
544,33011ANTR01,33011HANC01,43529.3666998
545,33011ANTR01,33011BENN01,23943.8576323
546,33011DRNG01,33011WEAR01,13119.8353597
547,33011DRNG01,33011BENN01,22926.560837
548,33011DRNG01,33011FRNT01,70048.8806614
549,33011DRNG01,33013HENN01,16958.0800895
550,33011WEAR01,33011FRNT01,9899.69472798
551,33011WEAR01,33011NBOS01,45294.3065417
552,33011WEAR01,33011GOFF01,4657.9683856
553,33011WEAR01,33013HENN01,55998.3938027
554,33011WEAR01,33013HOPK01,47825.2539963
555,33011WEAR01,33013DUNB01,14899.1895595
556,33011HANC01,33011BENN01,15799.4948913
557,33011HANC01,33011GRFD01,13404.3181108
558,33011HANC01,33011PETE01,21206.3438607
559,33011BENN01,33011FRNT01,14856.7755139
560,33011BENN01,33011GRFD01,21583.4583105
561,33011FRNT01,33011NBOS01,8438.39631156
562,33011FRNT01,33011GRFD01,32521.7116346
563,33011FRNT01,33011LYND01,21485.7160705
564,33011NBOS01,33011GOFF01,23006.9312136
565,33011NBOS01,33011BEDF01,4990.15382884
566,33011NBOS01,33011LYND01,5411.1448427
567,33011NBOS01,33011MONT01,35694.1604915
568,33011GOFF01,33011BEDF01,43999.3211228
569,33011GOFF01,33011MANC12,7548.02016072
570,33011GOFF01,33013DUNB01,44833.4658684
571,33011GOFF01,33013HOOK01,3196.5062328
572,33011GRFD01,33011PETE01,27752.12303
573,33011GRFD01,33011LYND01,50017.0461888
574,33011LYND01,33011MONT01,38224.2180386
575,33011LITC01,33011HUDS01,18534.5225012
576,33011LITC01,33015LOND01,9250.73932063
577,33011HUDS01,33011PELH01,12939.4648641
578,33011HUDS01,33015LOND01,24612.5863801
579,33011HUDS01,33015WNDM01,4689.87823699
580,33011PELH01,33015WNDM01,31814.6196368
581,33011PELH01,33015SALE01,14457.9612602
582,33011NIPS01,33011GRNV01,8464.43064369
583,33011NIPS01,33011MASO01,2226.25385294
584,33011GRNV01,33011MASO01,19646.8245466
585,33011MASO01,33011BRKL01,8583.33304901
586,33011BRKL01,33011HOLL01,9554.25440283
587,33011MANC12,33011MANC01,6152.88962453
588,33011MANC12,33013HOOK01,29232.5845878
589,33011MANC01,33011MANC02,10591.7661407
590,33011MANC01,33013HOOK01,25361.2869495
591,33011MANC02,33013HOOK01,17896.5921047
592,33011MANC02,33015AUBU01,0.0
593,33013CONC09,33013CONC08,31758.5347779
594,33013CONC09,33013CONC10,16033.8329281
595,33013CONC07,33013CONC06,6198.45135709
596,33013CONC07,33013BOW01,5817.39574434
597,33013CONC07,33013CONC05,20618.2397033
598,33013CONC06,33013CONC08,15670.8318859
599,33013CONC06,33013BOW01,2671.96518418
600,33013CONC06,33013CONC04,5450.64841819
601,33013CONC06,33013CONC05,2891.2160334
602,33013CONC08,33013BOW01,12695.9107492
603,33013CONC08,33013PEMB01,55936.7211283
604,33013CONC08,33013CONC10,41913.336226
605,33013CONC08,33013CONC04,2782.773466
606,33013FRAN01,33013FRAN02,18723.2771569
607,33013FRAN01,33013FRAN03,9836.22147063
608,33013FRAN01,33013HILL01,31292.1516402
609,33013FRAN01,33013ANDO01,15920.9459678
610,33013FRAN01,33013SALI01,20574.7180891
611,33013FRAN01,33013BOSC01,7615.18521259
612,33013FRAN01,33013NFLD01,4650.93062083
613,33013FRAN02,33013FRAN03,22885.0804463
614,33013FRAN02,33013NFLD01,1861.60304054
615,33013FRAN03,33013NFLD01,15894.088919
616,33013DANB01,33013HILL01,33298.8490755
617,33013DANB01,33013WILM01,27733.5932887
618,33013DANB01,33013ANDO01,16849.8312604
619,33013HILL01,33013ANDO01,30752.3553011
620,33013WILM01,33013NLON01,41273.3270685
621,33013WILM01,33013ANDO01,26859.2875206
622,33013WILM01,33013SUTT01,18994.424295
623,33013WILM01,33013WARN01,10826.4519296
624,33013WILM01,33019SPRI01,21808.0181697
625,33013NLON01,33013NBRY01,12970.0311273
626,33013NLON01,33013SUTT01,38988.3865778
627,33013NLON01,33019SPRI01,46230.4011905
628,33013NLON01,33019SUNA01,10688.2075671
629,33013ANDO01,33013WARN01,6784.11199753
630,33013ANDO01,33013SALI01,105299.557886
631,33013NBRY01,33013SUTT01,25502.6021176
632,33013NBRY01,33013BRAD01,82524.9324459
633,33013NBRY01,33019SUNA01,11555.5411618
634,33013NBRY01,33019GOSH01,16275.6928282
635,33013NBRY01,33019WASH01,0.0
636,33013SUTT01,33013BRAD01,10390.6078312
637,33013SUTT01,33013WARN01,60286.4398675
638,33013BRAD01,33013WARN01,17695.5482681
639,33013BRAD01,33013HENN01,11412.4431718
640,33013BRAD01,33019GOSH01,0.0
641,33013BRAD01,33019WASH01,23695.6876434
642,33013WARN01,33013SALI01,26993.202789
643,33013WARN01,33013WEBS01,24456.2854414
644,33013WARN01,33013HENN01,69057.2162498
645,33013WARN01,33013HOPK01,45279.5888497
646,33013SALI01,33013WEBS01,25770.2811028
647,33013SALI01,33013BOSC01,17266.3381371
648,33013WEBS01,33013BOSC01,57281.0054297
649,33013WEBS01,33013HOPK01,21023.7642702
650,33013WEBS01,33013CONC01,6772.16911509
651,33013BOSC01,33013NFLD01,4662.84350991
652,33013BOSC01,33013CANT01,44061.8141077
653,33013BOSC01,33013CONC01,22726.0919219
654,33013NFLD01,33013CANT01,65544.2517169
655,33013CANT01,33013LOUD01,61283.2857213
656,33013CANT01,33013CONC01,4835.16098703
657,33013CANT01,33013CONC10,18632.6988581
658,33013LOUD01,33013PITF01,26315.3300059
659,33013LOUD01,33013CHIC01,52277.6858912
660,33013LOUD01,33013PEMB01,2541.64934243
661,33013LOUD01,33013CONC10,25936.8283771
662,33013PITF01,33013CHIC01,36702.115412
663,33013PITF01,33013EPSO01,35960.7990116
664,33013PITF01,33015NTHW01,5919.96648355
665,33013PITF01,33017STFD01,4335.94192992
666,33013CHIC01,33013EPSO01,17645.5186913
667,33013CHIC01,33013PEMB01,27533.1639531
668,33013EPSO01,33013PEMB01,13836.9140676
669,33013EPSO01,33013ALLE01,27805.2905897
670,33013EPSO01,33015NTHW01,8044.6340091
671,33013EPSO01,33015DFLD01,29982.7212381
672,33013HENN01,33013HOPK01,22559.0739283
673,33013HOPK01,33013DUNB01,14404.5911949
674,33013HOPK01,33013BOW01,9288.00011411
675,33013HOPK01,33013CONC01,2404.79206686
676,33013HOPK01,33013CONC03,9714.70632003
677,33013HOPK01,33013CONC05,14217.3494387
678,33013DUNB01,33013BOW01,94078.4960884
679,33013DUNB01,33013HOOK01,3280.93527208
680,33013BOW01,33013PEMB01,14082.5464499
681,33013BOW01,33013ALLE01,593.536293849
682,33013BOW01,33013HOOK01,17814.0181046
683,33013BOW01,33013CONC05,42431.6699379
684,33013PEMB01,33013ALLE01,30512.186883
685,33013PEMB01,33013CONC10,6091.5818362
686,33013ALLE01,33013HOOK01,41023.1358204
687,33013ALLE01,33015DFLD01,15735.5233501
688,33013ALLE01,33015CAND01,0.0
689,33013HOOK01,33015DFLD01,0.0
690,33013HOOK01,33015CAND01,14994.0296827
691,33013HOOK01,33015AUBU01,9813.52664756
692,33013CONC02,33013CONC01,20773.710102
693,33013CONC02,33013CONC03,37990.2426586
694,33013CONC01,33013CONC03,57986.8899331
695,33013CONC01,33013CONC10,5982.77796506
696,33013CONC03,33013CONC10,17615.4328877
697,33013CONC03,33013CONC04,12685.4451036
698,33013CONC03,33013CONC05,31598.5664788
699,33013CONC10,33013CONC04,511.222766227
700,33013CONC04,33013CONC05,5524.53611006
701,33015CHSR01,33015SNDN01,21809.9691505
702,33015CHSR01,33015DERR03,12802.0800419
703,33015CHSR01,33015DERR02,41351.0609931
704,33015CHSR01,33015CAND01,9814.4458412
705,33015CHSR01,33015RAYM01,39746.5101608
706,33015CHSR01,33015FREM01,5068.57157756
707,33015CHSR01,33015AUBU01,15787.5039881
708,33015SNDN01,33015DANV01,7437.46098233
709,33015SNDN01,33015HMST01,26963.4956684
710,33015SNDN01,33015DERR02,1062.52453166
711,33015SNDN01,33015FREM01,10878.2214928
712,33015DANV01,33015KING01,19296.1187443
713,33015DANV01,33015HMST01,15591.9210207
714,33015DANV01,33015FREM01,20916.4897663
715,33015KING01,33015EKIN01,20534.6436952
716,33015KING01,33015HMST01,16590.0890661
717,33015KING01,33015PLAI01,17327.7182296
718,33015KING01,33015NEWT01,22147.5135437
719,33015KING01,33015EXET01,3178.11835005
720,33015KING01,33015BREN01,29892.6898221
721,33015KING01,33015FREM01,1529.48629279
722,33015EKIN01,33015KENS01,7406.57386024
723,33015EKIN01,33015NEWT01,4682.35449445
724,33015EKIN01,33015SOHA01,12574.4903622
725,33015EKIN01,33015EXET01,5554.26815836
726,33015KENS01,33015HAFA01,7199.34384436
727,33015KENS01,33015SOHA01,21980.2018795
728,33015KENS01,33015SEAB01,1070.01614998
729,33015KENS01,33015EXET01,20819.3823082
730,33015HAFA01,33015HMTN01,35177.0712482
731,33015HAFA01,33015SEAB01,39217.5291275
732,33015HAFA01,33015EXET01,8687.35788568
733,33015HMTN01,33015SEAB01,4684.51387539
734,33015HMTN01,33015ZZZZZZ,32432.8011047
735,33015HMTN01,33015NOHA01,40252.1843633
736,33015HMTN01,33015STRM01,0.0
737,33015HMTN01,33015EXET01,5094.15290246
738,33015LOND01,33015WNDM01,23427.8806789
739,33015LOND01,33015DERR01,4613.05482856
740,33015LOND01,33015DERR04,3519.96027525
741,33015LOND01,33015DERR03,9972.32854291
742,33015LOND01,33015AUBU01,11247.2543748
743,33015WNDM01,33015SALE01,41248.5088907
744,33015WNDM01,33015DERR01,24245.8770679
745,33015WNDM01,33015DERR02,16393.233672
746,33015SALE01,33015ATKI01,35071.5874236
747,33015SALE01,33015DERR02,13124.8425367
748,33015HMST01,33015ATKI01,26866.8563823
749,33015HMST01,33015PLAI01,4414.89163159
750,33015HMST01,33015DERR02,7535.16966852
751,33015ATKI01,33015PLAI01,14043.7899603
752,33015ATKI01,33015DERR02,1020.85302406
753,33015PLAI01,33015NEWT01,15916.0395391
754,33015NEWT01,33015SOHA01,21607.7013684
755,33015SOHA01,33015SEAB01,1776.91597509
756,33015SEAB01,33015ZZZZZZ,2577.66753433
757,33015PORT03,33015PORT01,7623.76809775
758,33015PORT03,33015PORT02,3310.16863584
759,33015PORT03,33015PORT04,15674.1503002
760,33015PORT03,33015NWIN01,14052.4460997
761,33015PORT03,33015GRND01,4064.87388816
762,33015PORT01,33015PORT05,6887.89758278
763,33015PORT01,33015PORT02,3845.18337327
764,33015PORT01,33015NWIN01,4252.13987593
765,33015ZZZZZZ,33015RYE01,118349.166459
766,33015ZZZZZZ,33015NOHA01,5790.66823296
767,33015PORT05,33015PORT02,8766.23963197
768,33015PORT05,33015PORT04,13313.8464756
769,33015PORT05,33015NCAS01,9309.09731096
770,33015PORT05,33015RYE01,2718.95899658
771,33015PORT02,33015PORT04,2889.6835168
772,33015PORT04,33015GRND01,3450.44858927
773,33015PORT04,33015RYE01,25548.3260597
774,33015DERR01,33015DERR04,28662.8265739
775,33015DERR01,33015DERR02,20860.3779714
776,33015DERR04,33015DERR03,17285.2014351
777,33015DERR04,33015DERR02,6674.56500608
778,33015DERR03,33015DERR02,11728.4375914
779,33015DERR03,33015AUBU01,12951.9309135
780,33015NTHW01,33015DFLD01,102439.22513
781,33015NTHW01,33015NOTT01,11170.0921501
782,33015NTHW01,33017STFD01,42321.3144043
783,33015NTHW01,33017BARR01,2060.76919771
784,33015DFLD01,33015NOTT01,47863.380668
785,33015DFLD01,33015CAND01,45941.4355525
786,33015DFLD01,33015RAYM01,6318.7876448
787,33015NOTT01,33015RAYM01,60262.3490617
788,33015NOTT01,33015EPPI01,21799.9544217
789,33015NOTT01,33017BARR01,37705.543306
790,33015NOTT01,33017LEE01,18173.3214478
791,33015CAND01,33015RAYM01,13508.0060418
792,33015CAND01,33015AUBU01,76152.5180464
793,33015RAYM01,33015EPPI01,17118.1746397
794,33015RAYM01,33015FREM01,7900.49330083
795,33015EPPI01,33015NMAR01,3528.70445562
796,33015EPPI01,33015NEWF01,2248.34095842
797,33015EPPI01,33015EXET01,1924.0655481
798,33015EPPI01,33015BREN01,25355.8156143
799,33015EPPI01,33015FREM01,50820.7497609
800,33015EPPI01,33017LEE01,22172.355112
801,33015NMAR01,33015NEWF01,39519.1679456
802,33015NMAR01,33015NWIN01,1759.62960279
803,33015NMAR01,33015GRND01,10251.4581122
804,33015NMAR01,33015STRM01,2026.36335106
805,33015NMAR01,33017LEE01,11383.9794774
806,33015NMAR01,33017DURH01,77146.639232
807,33015NEWF01,33015STRM01,11708.8528414
808,33015NEWF01,33015EXET01,58909.4044721
809,33015NWIN01,33015GRND01,46258.3751017
810,33015NWIN01,33017DURH01,17183.4406041
811,33015NWIN01,33017DOVE03,10078.8055724
812,33015GRND01,33015RYE01,11729.2464607
813,33015GRND01,33015NOHA01,19518.6889851
814,33015GRND01,33015STRM01,28357.369557
815,33015NCAS01,33015RYE01,25010.4288814
816,33015RYE01,33015NOHA01,30671.1546545
817,33015NOHA01,33015STRM01,16600.6151736
818,33015NOHA01,33015EXET01,0.0
819,33015STRM01,33015EXET01,28508.3042232
820,33015EXET01,33015BREN01,11604.1780631
821,33015BREN01,33015FREM01,7805.23868641
822,33017SOME01,33017ROCH02,4853.16464468
823,33017SOME01,33017ROCH03,0.0
824,33017SOME01,33017SOME05,1073.87749619
825,33017SOME01,33017SOME02,40438.12988
826,33017SOME01,33017ROCH01,2520.55635907
827,33017ROCH05,33017ROCH03,5892.13891388
828,33017ROCH05,33017ROCH04,30409.9865139
829,33017ROCH05,33017ROCH06,9529.22022897
830,33017ROCH05,33017MILT01,1971.38081209
831,33017ROCH05,33017FARM01,31188.3779515
832,33017ROCH05,33017STFD01,6696.23114472
833,33017ROCH05,33017BARR01,12733.5928061
834,33017ROCH05,33017ROCH01,10068.3347566
835,33017ROCH02,33017ROCH03,22732.4800349
836,33017ROCH02,33017ROCH04,6452.53178943
837,33017ROCH02,33017ROCH06,7390.4649426
838,33017ROCH02,33017SOME02,0.0
839,33017ROCH02,33017ROCH01,46153.7847678
840,33017ROCH03,33017ROCH04,26340.6424886
841,33017ROCH03,33017SOME02,3707.45278618
842,33017ROCH03,33017BARR01,25209.2657811
843,33017ROCH03,33017DOVE06,8724.30928317
844,33017ROCH03,33017DOVE05,1283.96898209
845,33017ROCH04,33017ROCH06,4391.33972597
846,33017SOME05,33017SOME04,6816.54165315
847,33017SOME05,33017SOME02,362.451245654
848,33017SOME05,33017SOME03,769.460888119
849,33017SOME05,33017ROLL01,8928.81118027
850,33017SOME04,33017SOME02,0.0
851,33017SOME04,33017SOME03,19815.4448696
852,33017SOME04,33017DOVE06,0.0
853,33017SOME04,33017ROLL01,8565.00634262
854,33017ROCH06,33017ROCH01,17590.0470549
855,33017NDUR01,33017MIDD01,13072.4010684
856,33017NDUR01,33017FARM01,54443.534523
857,33017NDUR01,33017STFD01,0.0
858,33017MIDD01,33017MILT01,23528.8690682
859,33017MIDD01,33017FARM01,1037.01486741
860,33017MILT01,33017FARM01,35385.0713511
861,33017SOME02,33017SOME03,25104.2057361
862,33017SOME02,33017DOVE06,3791.57638228
863,33017DOVE01,33017DOVE02,6489.5125186
864,33017DOVE01,33017DOVE06,6935.37704696
865,33017DOVE01,33017DOVE05,2586.10476252
866,33017DOVE01,33017ROLL01,3953.84827557
867,33017SOME03,33017DOVE06,23174.451942
868,33017SOME03,33017ROLL01,0.0
869,33017DOVE02,33017DOVE03,20258.0520649
870,33017DOVE02,33017DOVE05,6072.61768142
871,33017DOVE02,33017ROLL01,18082.3970629
872,33017FARM01,33017STFD01,32603.2460492
873,33017STFD01,33017BARR01,61010.738822
874,33017BARR01,33017MADB01,14287.927115
875,33017BARR01,33017LEE01,22407.9676822
876,33017BARR01,33017DOVE05,3426.29520069
877,33017MADB01,33017LEE01,13694.0802655
878,33017MADB01,33017DURH01,39708.9326901
879,33017MADB01,33017DOVE04,43912.0465811
880,33017MADB01,33017DOVE05,19179.7152646
881,33017LEE01,33017DURH01,12135.6343879
882,33017DURH01,33017DOVE04,1332.95148645
883,33017DURH01,33017DOVE03,673.821342509
884,33017DOVE06,33017DOVE05,35163.1774325
885,33017DOVE06,33017ROLL01,3510.68049172
886,33017DOVE04,33017DOVE03,19578.7988134
887,33017DOVE04,33017DOVE05,13681.3885096
888,33017DOVE03,33017DOVE05,911.577694788
889,33019CLAR02,33019CLAR01,23599.4751841
890,33019CLAR02,33019CLAR03,17872.894721
891,33019CLAR02,33019UNIT01,9645.59611272
892,33019CLAR02,33019CHAR01,41094.1991551
893,33019CLAR01,33019CLAR03,37010.6493668
894,33019CLAR01,33019NEWP01,2936.16929094
895,33019CLAR01,33019UNIT01,23756.6253375
896,33019CLAR03,33019CORN01,46309.2499127
897,33019CLAR03,33019CROY01,0.0
898,33019CLAR03,33019NEWP01,7391.68834542
899,33019PLFD01,33019GRAN01,20635.2423563
900,33019PLFD01,33019CORN01,131686.976841
901,33019PLFD01,33019CROY01,4563.90240527
902,33019GRAN01,33019SPRI01,32652.6292515
903,33019GRAN01,33019CROY01,38049.2455168
904,33019SPRI01,33019CROY01,2957.76818838
905,33019SPRI01,33019SUNA01,22458.0169891
906,33019CORN01,33019CROY01,22089.2258404
907,33019CORN01,33019NEWP01,0.0
908,33019CROY01,33019NEWP01,52372.0838025
909,33019CROY01,33019SUNA01,7162.0662657
910,33019NEWP01,33019SUNA01,7467.97379856
911,33019NEWP01,33019GOSH01,14942.2250792
912,33019NEWP01,33019UNIT01,74635.1286327
913,33019SUNA01,33019GOSH01,17882.5254943
914,33019GOSH01,33019UNIT01,3734.1920593
915,33019GOSH01,33019LEMP01,29317.8370462
916,33019GOSH01,33019WASH01,22896.3079503
917,33019UNIT01,33019CHAR01,13998.8929448
918,33019UNIT01,33019ACWO01,36199.3477986
919,33019UNIT01,33019LEMP01,29168.3735097
920,33019CHAR01,33019LANG01,42400.5434235
921,33019CHAR01,33019ACWO01,14346.9143444
922,33019LANG01,33019ACWO01,5851.54259371
923,33019ACWO01,33019LEMP01,25807.8835469
924,33019LEMP01,33019WASH01,32118.1942023
