,GEOID10,excelCountyName,excelVTDId
0,37149WO06,Polk,WO06
1,37149SA04,Polk,SA04
2,37149TR123,Polk,TR123
3,37149CL07,Polk,CL07
4,37149GC09,Polk,GC09
5,37149CG05,Polk,CG05
6,37149CL08,Polk,CL08
7,3715916,Rowan,16
8,3715920,Rowan,20
9,3715944,Rowan,44
10,3715909,Rowan,09
11,3715945,Rowan,45
12,3715903,Rowan,03
13,3715913,Rowan,13
14,3715914,Rowan,14
15,3715946,Rowan,46
16,3715907,Rowan,07
17,3715941,Rowan,41
18,37097CS,Iredell,CS
19,37097BA,Iredell,BA
20,37097CC3,Iredell,CC3
21,37015C2,Bertie,C2
22,37015M1,Bertie,M1
23,37015C1,Bertie,C1
24,37015MH,Bertie,MH
25,37015W2,Bertie,W2
26,37015W1,Bertie,W1
27,37015M2,Bertie,M2
28,37015SN,Bertie,SN
29,3718903,Watauga,03
30,3718904,Watauga,04
31,3718913,Watauga,13
32,3718917,Watauga,17
33,3718909,Watauga,09
34,3718912,Watauga,12
35,3718905,Watauga,05
36,3718915,Watauga,15
37,3718920,Watauga,20
38,3718919,Watauga,19
39,3718914,Watauga,14
40,3718907,Watauga,07
41,3718918,Watauga,18
42,3718910,Watauga,10
43,3718911,Watauga,11
44,3718901,Watauga,01
45,3718908,Watauga,08
46,3718902,Watauga,02
47,3718916,Watauga,16
48,3718906,Watauga,06
49,3701112,Avery,12
50,3701101,Avery,01
51,3701103,Avery,03
52,3701102,Avery,02
53,37033PELH,Caswell,PELH
54,37033LOCU,Caswell,LOCU
55,37033PROVI,Caswell,PROVI
56,37033STON,Caswell,STON
57,37033YAN2,Caswell,YAN2
58,3701105,Avery,05
59,3701109,Avery,09
60,3701118,Avery,18
61,3701119,Avery,19
62,3701110,Avery,10
63,3701104,Avery,04
64,3701117,Avery,17
65,37033YAN4,Caswell,YAN4
66,37033MILT,Caswell,MILT
67,37033LEAS,Caswell,LEAS
68,37033HIGH,Caswell,HIGH
69,37033PROS,Caswell,PROS
70,37033ANDE,Caswell,ANDE
71,37015WH,Bertie,WH
72,37015WD,Bertie,WD
73,37015RX,Bertie,RX
74,37015IW,Bertie,IW
75,3701106,Avery,06
76,3701108,Avery,08
77,3701114,Avery,14
78,3701113,Avery,13
79,3701116,Avery,16
80,3701115,Avery,15
81,3701107,Avery,07
82,3701111,Avery,11
83,3709362,Hoke,62
84,3709301,Hoke,01
85,3709302,Hoke,02
86,3709363,Hoke,63
87,3709306,Hoke,06
88,3709305,Hoke,05
89,3709313,Hoke,13
90,3709312,Hoke,12
91,3709303,Hoke,03
92,3709361,Hoke,61
93,3709365,Hoke,65
94,3709364,Hoke,64
95,3709304,Hoke,04
96,3715932,Rowan,32
97,3715925,Rowan,25
98,3715927,Rowan,27
99,3715911,Rowan,11
100,3715910,Rowan,10
101,3715933,Rowan,33
102,3715917,Rowan,17
103,3715921,Rowan,21
104,3715902,Rowan,02
105,3715924,Rowan,24
106,3715930,Rowan,30
107,3715904,Rowan,04
108,3715929,Rowan,29
109,3715934,Rowan,34
110,3715908,Rowan,08
111,3715931,Rowan,31
112,3715915,Rowan,15
113,3715923,Rowan,23
114,3715919,Rowan,19
115,3715905,Rowan,05
116,3715936,Rowan,36
117,3715918,Rowan,18
118,3715926,Rowan,26
119,3715922,Rowan,22
120,3715901,Rowan,01
121,3715938,Rowan,38
122,3715942,Rowan,42
123,3715906,Rowan,06
124,3715939,Rowan,39
125,3715912,Rowan,12
126,3715928,Rowan,28
127,3715935,Rowan,35
128,3715940,Rowan,40
129,37101PR26,Johnston,PR26
130,37101PR24,Johnston,PR24
131,37101PR20,Johnston,PR20
132,37101PR09,Johnston,PR09
133,37101PR01,Johnston,PR01
134,37101PR22,Johnston,PR22
135,37101PR21,Johnston,PR21
136,37101PR25,Johnston,PR25
137,37101PR27,Johnston,PR27
138,37101PR28,Johnston,PR28
139,37101PR10,Johnston,PR10
140,37101PR19,Johnston,PR19
141,37101PR12,Johnston,PR12
142,37101PR13,Johnston,PR13
143,37101PR30,Johnston,PR30
144,37101PR06,Johnston,PR06
145,37101PR08,Johnston,PR08
146,37101PR05,Johnston,PR05
147,37101PR14,Johnston,PR14
148,37101PR16,Johnston,PR16
149,37101PR15,Johnston,PR15
150,37101PR02,Johnston,PR02
151,37101PR07,Johnston,PR07
152,37101PR04,Johnston,PR04
153,37101PR18,Johnston,PR18
154,37101PR29A,Johnston,PR29A
155,37101PR32,Johnston,PR32
156,37101PR29B,Johnston,PR29B
157,37101PR34,Johnston,PR34
158,37101PR11B,Johnston,PR11B
159,37101PR31B,Johnston,PR31B
160,37101PR31A,Johnston,PR31A
161,37101PR23,Johnston,PR23
162,37101PR33,Johnston,PR33
163,37101PR03,Johnston,PR03
164,37101PR17,Johnston,PR17
165,37101PR11A,Johnston,PR11A
166,37017P201,Bladen,P201
167,37017P10,Bladen,P10
168,37017P202,Bladen,P202
169,37017P40,Bladen,P40
170,37017P25,Bladen,P25
171,37017P30,Bladen,P30
172,37017P75,Bladen,P75
173,37017P60,Bladen,P60
174,37017P45,Bladen,P45
175,37017P80,Bladen,P80
176,37017P70,Bladen,P70
177,37017P15,Bladen,P15
178,37017P35,Bladen,P35
179,37017P501,Bladen,P501
180,37017P502,Bladen,P502
181,37017P65,Bladen,P65
182,37017P55,Bladen,P55
183,37087BC,Haywood,BC
184,37087CL-N,Haywood,CL-N
185,37087IH,Haywood,IH
186,37087ID,Haywood,ID
187,37087BE-2,Haywood,BE-2
188,37087JC,Haywood,JC
189,37087WS-2,Haywood,WS-2
190,37087WS-1,Haywood,WS-1
191,37087WO,Haywood,WO
192,37087WW,Haywood,WW
193,37087LJ,Haywood,LJ
194,37087AC,Haywood,AC
195,37087PC,Haywood,PC
196,37087BE-1,Haywood,BE-1
197,37087P,Haywood,P
198,37087FC-1,Haywood,FC-1
199,37087EF,Haywood,EF
200,37087CL-S,Haywood,CL-S
201,37087WE,Haywood,WE
202,37087BE56,Haywood,BE56
203,37087CE,Haywood,CE
204,37087BE-3,Haywood,BE-3
205,37087BE-7,Haywood,BE-7
206,37087HA,Haywood,HA
207,37087SA,Haywood,SA
208,37083BUTWD,Halifax,BUTWD
209,37083CONC,Halifax,CONC
210,37083ENF-1,Halifax,ENF-1
211,37083ENF-2,Halifax,ENF-2
212,37083ENF-3,Halifax,ENF-3
213,37083FAUCT,Halifax,FAUCT
214,37083HAL,Halifax,HAL
215,37083HOL,Halifax,HOL
216,37083LIT-1,Halifax,LIT-1
217,37083LIT-2,Halifax,LIT-2
218,37083RINGW,Halifax,RINGW
219,37083ROSEN,Halifax,ROSEN
220,37083RR-1,Halifax,RR-1
221,37083RR-10,Halifax,RR-10
222,37083RR-11,Halifax,RR-11
223,37083RR-2,Halifax,RR-2
224,37083RR-3,Halifax,RR-3
225,37083RR-4,Halifax,RR-4
226,37079BULL,Greene,BULL
227,37079SHIN,Greene,SHIN
228,37079WALS,Greene,WALS
229,37079CAST,Greene,CAST
230,37079BEAR,Greene,BEAR
231,37079MAUR,Greene,MAUR
232,37079SH1,Greene,SH1
233,37079SUGG,Greene,SUGG
234,37079ARBA,Greene,ARBA
235,37079HOOK,Greene,HOOK
236,37083RR-5,Halifax,RR-5
237,37083RR-6,Halifax,RR-6
238,37083RR-7,Halifax,RR-7
239,37083RR-8,Halifax,RR-8
240,37083RR-9,Halifax,RR-9
241,37083SN-1,Halifax,SN-1
242,37083SN-2,Halifax,SN-2
243,37083WEL-1,Halifax,WEL-1
244,37083WEL-2,Halifax,WEL-2
245,37083WEL-3,Halifax,WEL-3
246,37083HOB,Halifax,HOB
247,37083PAL,Halifax,PAL
248,37087CR,Haywood,CR
249,37087BE-4,Haywood,BE-4
250,37087WC,Haywood,WC
251,37087FC-2,Haywood,FC-2
252,37043BRAS,Clay,BRAS
253,37043WARN,Clay,WARN
254,37043HAY2,Clay,HAY2
255,37043HIAW,Clay,HIAW
256,37043SHCR,Clay,SHCR
257,37043TUSQ,Clay,TUSQ
258,37043SWEE,Clay,SWEE
259,37043HAY1,Clay,HAY1
260,37043HAYC,Clay,HAYC
261,37029SM,Camden,SM
262,37029SH,Camden,SH
263,37029CH,Camden,CH
264,37053CI,Currituck,CI
265,37053GW,Currituck,GW
266,37053PP,Currituck,PP
267,37053WH,Currituck,WH
268,3704910,Craven,10
269,3704912,Craven,12
270,3704921,Craven,21
271,37053KI,Currituck,KI
272,37053CH,Currituck,CH
273,37053PB,Currituck,PB
274,37053CJ,Currituck,CJ
275,37053CB,Currituck,CB
276,37053IR,Currituck,IR
277,37053MY,Currituck,MY
278,3704909,Craven,09
279,3704915,Craven,15
280,3704913,Craven,13
281,3704914,Craven,14
282,37049N4,Craven,N4
283,3704907,Craven,07
284,37049N2,Craven,N2
285,3704905,Craven,05
286,3704920,Craven,20
287,3704903,Craven,03
288,3704906,Craven,06
289,3704923,Craven,23
290,3704904,Craven,04
291,3704908,Craven,08
292,37049N1,Craven,N1
293,37049N3,Craven,N3
294,3704917,Craven,17
295,37049N5,Craven,N5
296,3704919,Craven,19
297,3704922,Craven,22
298,3704911,Craven,11
299,37049N6,Craven,N6
300,3704916,Craven,16
301,3704918,Craven,18
302,37075TAPO,Graham,TAPO
303,37075STEC,Graham,STEC
304,37075WEST,Graham,WEST
305,37075EAST,Graham,EAST
306,3706350,Durham,50
307,3706313,Durham,13
308,3706322,Durham,22
309,3706353-2,Durham,53-2
310,3706339,Durham,39
311,3706343,Durham,43
312,3706324,Durham,24
313,3706346,Durham,46
314,3706306,Durham,06
315,3717120,Surry,20
316,3717122,Surry,22
317,3717119,Surry,19
318,3717107,Surry,07
319,3717126,Surry,26
320,3717133,Surry,33
321,3717101,Surry,01
322,3717116,Surry,16
323,3717123,Surry,23
324,3717124,Surry,24
325,3717111,Surry,11
326,3717106,Surry,06
327,3717103,Surry,03
328,3717127,Surry,27
329,3717112,Surry,12
330,3717128,Surry,28
331,3706319,Durham,19
332,3706344,Durham,44
333,3706323,Durham,23
334,3706317,Durham,17
335,3706337,Durham,37
336,3706338,Durham,38
337,3717105,Surry,05
338,3717118,Surry,18
339,3717109,Surry,09
340,3706345,Durham,45
341,3706325,Durham,25
342,3706307,Durham,07
343,3706308,Durham,08
344,3706330-2,Durham,30-2
345,3706332,Durham,32
346,3706329,Durham,29
347,3706305,Durham,05
348,3706326,Durham,26
349,3706302,Durham,02
350,3706348,Durham,48
351,3706352,Durham,52
352,3706318,Durham,18
353,3706335,Durham,35
354,3706347,Durham,47
355,3706333,Durham,33
356,37085PR20,Harnett,PR20
357,37085PR24,Harnett,PR24
358,37085PR23,Harnett,PR23
359,37085PR25,Harnett,PR25
360,37085PR29,Harnett,PR29
361,37085PR01,Harnett,PR01
362,37085PR08,Harnett,PR08
363,37085PR26,Harnett,PR26
364,37085PR17,Harnett,PR17
365,37085PR16,Harnett,PR16
366,37085PR27,Harnett,PR27
367,37085PR07,Harnett,PR07
368,37085PR28,Harnett,PR28
369,3706353-1,Durham,53-1
370,3706330-1,Durham,30-1
371,3706331,Durham,31
372,3706351,Durham,51
373,3706327,Durham,27
374,3706340,Durham,40
375,3706354,Durham,54
376,3706316,Durham,16
377,3706312,Durham,12
378,3706342,Durham,42
379,3706341,Durham,41
380,3706355,Durham,55
381,3706314,Durham,14
382,3706315,Durham,15
383,3706301,Durham,01
384,3706320,Durham,20
385,3706321,Durham,21
386,3706310,Durham,10
387,3706304,Durham,04
388,3706303,Durham,03
389,3717110,Surry,10
390,3717117,Surry,17
391,3717104,Surry,04
392,3717108,Surry,08
393,3717125,Surry,25
394,3706309,Durham,09
395,3706334,Durham,34
396,3706328,Durham,28
397,3706336,Durham,36
398,3717113,Surry,13
399,3717102,Surry,02
400,3717114,Surry,14
401,3717121,Surry,21
402,3717115,Surry,15
403,371270002,Nash,0002
404,371270032,Nash,0032
405,371270034,Nash,0034
406,371270011,Nash,0011
407,371270006,Nash,0006
408,371270001,Nash,0001
409,3703521,Catawba,21
410,3703520,Catawba,20
411,3703522,Catawba,22
412,3703506,Catawba,06
413,3703517,Catawba,17
414,3703526,Catawba,26
415,3703519,Catawba,19
416,3703507,Catawba,07
417,3703515,Catawba,15
418,3703533,Catawba,33
419,3703529,Catawba,29
420,3703535,Catawba,35
421,3703537,Catawba,37
422,3703532,Catawba,32
423,3703527,Catawba,27
424,3703523,Catawba,23
425,37047P21,Columbus,P21
426,37047P17,Columbus,P17
427,37047P16,Columbus,P16
428,37047P01,Columbus,P01
429,37047P06,Columbus,P06
430,37047P08,Columbus,P08
431,37047P24,Columbus,P24
432,37047P26,Columbus,P26
433,3703539,Catawba,39
434,3703503,Catawba,03
435,3703524,Catawba,24
436,3703538,Catawba,38
437,3703516,Catawba,16
438,3703502,Catawba,02
439,3703525,Catawba,25
440,3703540,Catawba,40
441,3703534,Catawba,34
442,3703508,Catawba,08
443,3703513,Catawba,13
444,3703528,Catawba,28
445,3703541,Catawba,41
446,37047P19,Columbus,P19
447,37047P11,Columbus,P11
448,37047P13,Columbus,P13
449,37047P05,Columbus,P05
450,37047P10,Columbus,P10
451,3703512,Catawba,12
452,3703501,Catawba,01
453,3703510,Catawba,10
454,37047P04,Columbus,P04
455,37047P03,Columbus,P03
456,37047P15,Columbus,P15
457,3703514,Catawba,14
458,3703531,Catawba,31
459,3703504,Catawba,04
460,3703509,Catawba,09
461,3703536,Catawba,36
462,3703511,Catawba,11
463,37047P09,Columbus,P09
464,37047P20,Columbus,P20
465,37047P22,Columbus,P22
466,37047P07,Columbus,P07
467,37047P18,Columbus,P18
468,37047P23,Columbus,P23
469,37047P14,Columbus,P14
470,37047P25,Columbus,P25
471,37047P02,Columbus,P02
472,37047P12,Columbus,P12
473,3703530,Catawba,30
474,3703505,Catawba,05
475,371374VM,Pamlico,4VM
476,371375AP,Pamlico,5AP
477,37061BEUL,Duplin,BEUL
478,37061HALL,Duplin,HALL
479,37061CHAR,Duplin,CHAR
480,37061CFRK,Duplin,CFRK
481,37061KENA,Duplin,KENA
482,37061ROCK,Duplin,ROCK
483,37061CYRK,Duplin,CYRK
484,371270041,Nash,0041
485,371270007,Nash,0007
486,37061FAIS,Duplin,FAIS
487,37061WARS,Duplin,WARS
488,37061WALL,Duplin,WALL
489,371372OT,Pamlico,2OT
490,371374HB,Pamlico,4HB
491,371371RB,Pamlico,1RB
492,371371AL,Pamlico,1AL
493,371373BY,Pamlico,3BY
494,371372SW,Pamlico,2SW
495,37061CHIN,Duplin,CHIN
496,37061MAGN,Duplin,MAGN
497,37061ALBE,Duplin,ALBE
498,371270022,Nash,0022
499,37061LOCK,Duplin,LOCK
500,37061CALY,Duplin,CALY
501,37061ROSE,Duplin,ROSE
502,371270021,Nash,0021
503,37061SMCA,Duplin,SMCA
504,37061GLIS,Duplin,GLIS
505,37061WOLF,Duplin,WOLF
506,371270005,Nash,0005
507,371270039,Nash,0039
508,371270026,Nash,0026
509,371270036,Nash,0036
510,371270003,Nash,0003
511,371270031,Nash,0031
512,371270038,Nash,0038
513,371270015,Nash,0015
514,371270035,Nash,0035
515,371270040,Nash,0040
516,371270025,Nash,0025
517,371270012,Nash,0012
518,371270004,Nash,0004
519,371270008,Nash,0008
520,371270033,Nash,0033
521,371270037,Nash,0037
522,37123ELD,Montgomery,ELD
523,37123OPH,Montgomery,OPH
524,37123UWH,Montgomery,UWH
525,37123WAD,Montgomery,WAD
526,37089BC,Henderson,BC
527,37089CC,Henderson,CC
528,37123LIT,Montgomery,LIT
529,37123T2,Montgomery,T2
530,37123MTG,Montgomery,MTG
531,37123STA,Montgomery,STA
532,37123BIS,Montgomery,BIS
533,37123PEE,Montgomery,PEE
534,37123T1,Montgomery,T1
535,37123CHE,Montgomery,CHE
536,37123CAN,Montgomery,CAN
537,37123ROC,Montgomery,ROC
538,37089AT,Henderson,AT
539,37089HC,Henderson,HC
540,37089SW,Henderson,SW
541,37089NE,Henderson,NE
542,37089NB,Henderson,NB
543,37089HV-2,Henderson,HV-2
544,37089MG,Henderson,MG
545,37089GM,Henderson,GM
546,37089EF,Henderson,EF
547,37089RR,Henderson,RR
548,37089AR,Henderson,AR
549,37089LP,Henderson,LP
550,37089PV,Henderson,PV
551,37089ES,Henderson,ES
552,37089HS,Henderson,HS
553,37089NW,Henderson,NW
554,37089LJ,Henderson,LJ
555,37089CB,Henderson,CB
556,37089SM,Henderson,SM
557,37089FR,Henderson,FR
558,37089EV,Henderson,EV
559,370411,Chowan,1
560,370413,Chowan,3
561,370416,Chowan,6
562,370412,Chowan,2
563,370414,Chowan,4
564,370415,Chowan,5
565,37089NM,Henderson,NM
566,37089PR,Henderson,PR
567,37089GR,Henderson,GR
568,37089BK,Henderson,BK
569,37089HV-1,Henderson,HV-1
570,37007POLK,Anson,POLK
571,37007GULL,Anson,GULL
572,37007ANS,Anson,ANS
573,37007BURN,Anson,BURN
574,37007MM,Anson,MM
575,37007W3,Anson,W3
576,37007W2,Anson,W2
577,37007W1,Anson,W1
578,37007LILE,Anson,LILE
579,37007WS,Anson,WS
580,37007PEAC,Anson,PEAC
581,37089SE,Henderson,SE
582,37089RG,Henderson,RG
583,37089SB,Henderson,SB
584,37089ED,Henderson,ED
585,37089FL,Henderson,FL
586,37089HV-3,Henderson,HV-3
587,371471507B,Pitt,1507B
588,371470200A,Pitt,0200A
589,371471403A,Pitt,1403A
590,371471001,Pitt,1001
591,371470200B,Pitt,0200B
592,371470301,Pitt,0301
593,371471504,Pitt,1504
594,371471403B,Pitt,1403B
595,371471501,Pitt,1501
596,371470601,Pitt,0601
597,371470800A,Pitt,0800A
598,371471511B,Pitt,1511B
599,371470701,Pitt,0701
600,371471503,Pitt,1503
601,371470101,Pitt,0101
602,371471505B,Pitt,1505B
603,37039HOTH,Cherokee,HOTH
604,37039HIWA,Cherokee,HIWA
605,37039BEAV,Cherokee,BEAV
606,37039HANG,Cherokee,HANG
607,37039NOTL,Cherokee,NOTL
608,37039BELL,Cherokee,BELL
609,37039MURS,Cherokee,MURS
610,37039PCHT,Cherokee,PCHT
611,37039ANSW,Cherokee,ANSW
612,37039ANNW,Cherokee,ANNW
613,37039MURN,Cherokee,MURN
614,37039MARB,Cherokee,MARB
615,37039TOPT,Cherokee,TOPT
616,37039BRAS,Cherokee,BRAS
617,371471508A,Pitt,1508A
618,371471506,Pitt,1506
619,371471505A,Pitt,1505A
620,371471510B,Pitt,1510B
621,371471402A,Pitt,1402A
622,371471510A,Pitt,1510A
623,371471301,Pitt,1301
624,371471102A,Pitt,1102A
625,371471511A,Pitt,1511A
626,371471509,Pitt,1509
627,371471101,Pitt,1101
628,371470501,Pitt,0501
629,371470401,Pitt,0401
630,371470901,Pitt,0901
631,371470800B,Pitt,0800B
632,371471201,Pitt,1201
633,371471512B,Pitt,1512B
634,371471102B,Pitt,1102B
635,371471512A,Pitt,1512A
636,371471508B,Pitt,1508B
637,371471507,Pitt,1507
638,371471402B,Pitt,1402B
639,37175SW,Transylvania,SW
640,37175BD,Transylvania,BD
641,37175GL,Transylvania,GL
642,37175PF,Transylvania,PF
643,37175RE,Transylvania,RE
644,37175CC,Transylvania,CC
645,37175B3,Transylvania,B3
646,37175B2,Transylvania,B2
647,37175LR,Transylvania,LR
648,37175B4,Transylvania,B4
649,37175WC,Transylvania,WC
650,37175B1,Transylvania,B1
651,37175DR,Transylvania,DR
652,37175CM,Transylvania,CM
653,37175BG,Transylvania,BG
654,37175LT,Transylvania,LT
655,37175QB,Transylvania,QB
656,37175EF,Transylvania,EF
657,37129H03,New Hanover,H03
658,37129W16,New Hanover,W16
659,37141SH12,Pender,SH12
660,37141LT18,Pender,LT18
661,37109OG10,Lincoln,OG10
662,37109HG17,Lincoln,HG17
663,37109PC22,Lincoln,PC22
664,37109DW28,Lincoln,DW28
665,37109DN29,Lincoln,DN29
666,37109OB21,Lincoln,OB21
667,37109IS23,Lincoln,IS23
668,37109TE27,Lincoln,TE27
669,37109CF19,Lincoln,CF19
670,3719123,Wayne,23
671,3719117,Wayne,17
672,3719126,Wayne,26
673,3719115,Wayne,15
674,3719127,Wayne,27
675,3719111,Wayne,11
676,3719128,Wayne,28
677,3719108,Wayne,08
678,3719103,Wayne,03
679,3719109,Wayne,09
680,37109LW18,Lincoln,LW18
681,37109IS20,Lincoln,IS20
682,37109LW31,Lincoln,LW31
683,37109NB03,Lincoln,NB03
684,37109WP32,Lincoln,WP32
685,37109DV08,Lincoln,DV08
686,37109LM16,Lincoln,LM16
687,37109TR30,Lincoln,TR30
688,37109NB09,Lincoln,NB09
689,37109LN11,Lincoln,LN11
690,37109HV07,Lincoln,HV07
691,37109LS12,Lincoln,LS12
692,37109LI14,Lincoln,LI14
693,37109LS15,Lincoln,LS15
694,37109SL24,Lincoln,SL24
695,37109BC13,Lincoln,BC13
696,37109CR06,Lincoln,CR06
697,3719110,Wayne,10
698,3719114,Wayne,14
699,3719104,Wayne,04
700,3719102,Wayne,02
701,3719119,Wayne,19
702,3719101,Wayne,01
703,3719107,Wayne,07
704,3719116,Wayne,16
705,3719105,Wayne,05
706,3719124,Wayne,24
707,3719106,Wayne,06
708,3719122,Wayne,22
709,3719125,Wayne,25
710,3719121,Wayne,21
711,3719120,Wayne,20
712,3719118,Wayne,18
713,3719112,Wayne,12
714,37109BS26,Lincoln,BS26
715,37109AS25,Lincoln,AS25
716,371391-B,Pasquotank,1-B
717,37139SAL,Pasquotank,SAL
718,3719113,Wayne,13
719,3719129,Wayne,29
720,3719130,Wayne,30
721,371394-B,Pasquotank,4-B
722,371392-A,Pasquotank,2-A
723,37139NIX,Pasquotank,NIX
724,37139MH,Pasquotank,MH
725,37139NEW,Pasquotank,NEW
726,371394-A,Pasquotank,4-A
727,371393-B,Pasquotank,3-B
728,371393-A,Pasquotank,3-A
729,371391-A,Pasquotank,1-A
730,371392-B,Pasquotank,2-B
731,37139PRO,Pasquotank,PRO
732,37193107,Wilkes,107
733,37193125,Wilkes,125
734,37193124,Wilkes,124
735,37193119,Wilkes,119
736,37193127,Wilkes,127
737,37129CF02,New Hanover,CF02
738,37129FP03,New Hanover,FP03
739,37129FP02,New Hanover,FP02
740,37129CF01,New Hanover,CF01
741,37129W30,New Hanover,W30
742,37129M03,New Hanover,M03
743,37129H07,New Hanover,H07
744,37129H09,New Hanover,H09
745,37193123,Wilkes,123
746,37193105,Wilkes,105
747,37193106,Wilkes,106
748,37193118,Wilkes,118
749,37193108,Wilkes,108
750,37193128,Wilkes,128
751,37193126,Wilkes,126
752,37193117,Wilkes,117
753,37193101,Wilkes,101
754,37193122,Wilkes,122
755,37193114,Wilkes,114
756,37193110,Wilkes,110
757,37193113,Wilkes,113
758,37193111,Wilkes,111
759,37193120,Wilkes,120
760,37193115A,Wilkes,115A
761,37193121,Wilkes,121
762,37193102,Wilkes,102
763,37193112,Wilkes,112
764,37193129,Wilkes,129
765,37193104,Wilkes,104
766,37129WB,New Hanover,WB
767,37129FP01,New Hanover,FP01
768,37129M04,New Hanover,M04
769,37129FP04,New Hanover,FP04
770,37193103,Wilkes,103
771,37193109,Wilkes,109
772,37129W17,New Hanover,W17
773,37129M02,New Hanover,M02
774,37129M05,New Hanover,M05
775,37129FP05,New Hanover,FP05
776,37129CF03,New Hanover,CF03
777,37129H06,New Hanover,H06
778,37129W25,New Hanover,W25
779,37129W08,New Hanover,W08
780,37129W15,New Hanover,W15
781,37129W29,New Hanover,W29
782,37129W27,New Hanover,W27
783,37129W03,New Hanover,W03
784,37129W26,New Hanover,W26
785,3718512,Warren,12
786,37129W31,New Hanover,W31
787,37129H01,New Hanover,H01
788,37129H04,New Hanover,H04
789,37129W12,New Hanover,W12
790,37129H08,New Hanover,H08
791,371851,Warren,1
792,371852,Warren,2
793,371859,Warren,9
794,371853,Warren,3
795,371858,Warren,8
796,371855,Warren,5
797,371854,Warren,4
798,3718514,Warren,14
799,3718513,Warren,13
800,371856,Warren,6
801,37129W28,New Hanover,W28
802,37129H02,New Hanover,H02
803,37129W13,New Hanover,W13
804,37129H05,New Hanover,H05
805,3718510,Warren,10
806,371857,Warren,7
807,3718511,Warren,11
808,37129W24,New Hanover,W24
809,37129W18,New Hanover,W18
810,37129W21,New Hanover,W21
811,37081CG1,Guilford,CG1
812,37081H17,Guilford,H17
813,37081G08,Guilford,G08
814,37081STOK,Guilford,STOK
815,37081G12,Guilford,G12
816,37081JEF2,Guilford,JEF2
817,37081G13,Guilford,G13
818,37081H20A,Guilford,H20A
819,37081JAM1,Guilford,JAM1
820,37081H20B,Guilford,H20B
821,37081SF2,Guilford,SF2
822,37081G11,Guilford,G11
823,37081G16,Guilford,G16
824,37081G01,Guilford,G01
825,37081G72,Guilford,G72
826,37081G68,Guilford,G68
827,37081SUM1,Guilford,SUM1
828,37081GR,Guilford,GR
829,37081H21,Guilford,H21
830,37081NCGR2,Guilford,NCGR2
831,37081MON3,Guilford,MON3
832,37081NMAD,Guilford,NMAD
833,37081NWASH,Guilford,NWASH
834,37081OR1,Guilford,OR1
835,37081SF1,Guilford,SF1
836,37081NCGR1,Guilford,NCGR1
837,37081OR2,Guilford,OR2
838,37081MON2,Guilford,MON2
839,37081SWASH,Guilford,SWASH
840,37081SF4,Guilford,SF4
841,37081SMAD,Guilford,SMAD
842,37081SF3,Guilford,SF3
843,37081G37,Guilford,G37
844,37081G15,Guilford,G15
845,37081G67,Guilford,G67
846,37081G14,Guilford,G14
847,37081H22,Guilford,H22
848,37081JAM4,Guilford,JAM4
849,37081SUM2,Guilford,SUM2
850,37081H18,Guilford,H18
851,37081H19B,Guilford,H19B
852,37081CG2,Guilford,CG2
853,37081CG3B,Guilford,CG3B
854,37081G49,Guilford,G49
855,37081G71,Guilford,G71
856,37081H15,Guilford,H15
857,37081H19A,Guilford,H19A
858,37099CAN,Jackson,CAN
859,37099GCK,Jackson,GCK
860,37099CUL,Jackson,CUL
861,37099SYLDIL,Jackson,SYLDIL
862,37099SAV,Jackson,SAV
863,37099WEB,Jackson,WEB
864,37099CFK,Jackson,CFK
865,37099RIV,Jackson,RIV
866,37099ALLSC,Jackson,ALLSC
867,37099BCK,Jackson,BCK
868,37099HAMMNT,Jackson,HAMMNT
869,37099CAS,Jackson,CAS
870,37099QUA,Jackson,QUA
871,37081CG3A,Guilford,CG3A
872,37081G27,Guilford,G27
873,37081JEF1,Guilford,JEF1
874,37081MON1,Guilford,MON1
875,37081G63,Guilford,G63
876,37081G45,Guilford,G45
877,37081G44,Guilford,G44
878,37081G70,Guilford,G70
879,37081G69,Guilford,G69
880,37081PG1,Guilford,PG1
881,37081G28,Guilford,G28
882,37081G26,Guilford,G26
883,37081NDRI,Guilford,NDRI
884,37081G10,Guilford,G10
885,37081FR5,Guilford,FR5
886,37081G09,Guilford,G09
887,37081G48,Guilford,G48
888,37081HP,Guilford,HP
889,37081G46,Guilford,G46
890,37081G47,Guilford,G47
891,37081SUM3,Guilford,SUM3
892,37081H16,Guilford,H16
893,37081FR3,Guilford,FR3
894,37081G40A2,Guilford,G40A2
895,37081FR4,Guilford,FR4
896,37081G25,Guilford,G25
897,37081G74,Guilford,G74
898,37081G51,Guilford,G51
899,37081H10,Guilford,H10
900,37081H06,Guilford,H06
901,37081H11,Guilford,H11
902,37081G29,Guilford,G29
903,37081G40B,Guilford,G40B
904,37081G21,Guilford,G21
905,37081G40A1,Guilford,G40A1
906,37081RC1,Guilford,RC1
907,37081G50,Guilford,G50
908,37081FR2,Guilford,FR2
909,37081JEF4,Guilford,JEF4
910,37081H05,Guilford,H05
911,37081H12,Guilford,H12
912,37081H14,Guilford,H14
913,37081JAM5,Guilford,JAM5
914,37081G30,Guilford,G30
915,37081G24,Guilford,G24
916,37081GIB,Guilford,GIB
917,37081G22,Guilford,G22
918,37081G73,Guilford,G73
919,37081JEF3,Guilford,JEF3
920,37081G62,Guilford,G62
921,37081FR1,Guilford,FR1
922,37081H09,Guilford,H09
923,37081H13,Guilford,H13
924,37081PG2,Guilford,PG2
925,37081G41,Guilford,G41
926,37081G06,Guilford,G06
927,37081G23,Guilford,G23
928,37081G32,Guilford,G32
929,37081G07,Guilford,G07
930,37081H25,Guilford,H25
931,37081H27,Guilford,H27
932,37081G61,Guilford,G61
933,37081H07,Guilford,H07
934,37081SCLAY,Guilford,SCLAY
935,37081G31,Guilford,G31
936,37081G20,Guilford,G20
937,37081G03,Guilford,G03
938,37081G52,Guilford,G52
939,37081G60,Guilford,G60
940,37081G58,Guilford,G58
941,37081G75,Guilford,G75
942,37081H24,Guilford,H24
943,37081SUM4,Guilford,SUM4
944,37081H08,Guilford,H08
945,37081H02,Guilford,H02
946,37081G05,Guilford,G05
947,37081G64,Guilford,G64
948,37081G34,Guilford,G34
949,37081SDRI,Guilford,SDRI
950,37081G56,Guilford,G56
951,37081G66,Guilford,G66
952,37081G65,Guilford,G65
953,37081G53,Guilford,G53
954,37081H03,Guilford,H03
955,37081H04,Guilford,H04
956,37081H01,Guilford,H01
957,37081G33,Guilford,G33
958,37081G39,Guilford,G39
959,37081G02,Guilford,G02
960,37081G54,Guilford,G54
961,37081JAM3,Guilford,JAM3
962,37081H26,Guilford,H26
963,37081G19,Guilford,G19
964,37081G42,Guilford,G42
965,37081G18,Guilford,G18
966,37081G59,Guilford,G59
967,37081FEN1,Guilford,FEN1
968,37081G57,Guilford,G57
969,37081G17,Guilford,G17
970,37081RC2,Guilford,RC2
971,37081G04,Guilford,G04
972,37081G36,Guilford,G36
973,37081G38,Guilford,G38
974,37081JAM2,Guilford,JAM2
975,37081H23,Guilford,H23
976,37081G35,Guilford,G35
977,37081G43,Guilford,G43
978,37081FEN2,Guilford,FEN2
979,37081G55,Guilford,G55
980,37081NCLAY1,Guilford,NCLAY1
981,37081NCLAY2,Guilford,NCLAY2
982,37067201,Forsyth,201
983,37067112,Forsyth,112
984,37067603,Forsyth,603
985,37163CLEA,Sampson,CLEA
986,37163AUTR,Sampson,AUTR
987,37163ROSE,Sampson,ROSE
988,37163TURK,Sampson,TURK
989,37163SBRG,Sampson,SBRG
990,37163WBRK,Sampson,WBRK
991,37163LAKE,Sampson,LAKE
992,37163GARL,Sampson,GARL
993,37163CLCE,Sampson,CLCE
994,37163KFRK,Sampson,KFRK
995,37163CLNE,Sampson,CLNE
996,37163PLVW,Sampson,PLVW
997,37163CLSW,Sampson,CLSW
998,37163CLWE,Sampson,CLWE
999,37163KEEN,Sampson,KEEN
1000,37163HARR,Sampson,HARR
1001,37163INGO,Sampson,INGO
1002,37163ROWA,Sampson,ROWA
1003,37163NGRV,Sampson,NGRV
1004,37163GIDD,Sampson,GIDD
1005,37163MING,Sampson,MING
1006,37163CLEM,Sampson,CLEM
1007,37067805,Forsyth,805
1008,37067503,Forsyth,503
1009,37163HERR,Sampson,HERR
1010,37067606,Forsyth,606
1011,37067068,Forsyth,068
1012,37067504,Forsyth,504
1013,37067405,Forsyth,405
1014,37067204,Forsyth,204
1015,37067306,Forsyth,306
1016,37067206,Forsyth,206
1017,37067605,Forsyth,605
1018,37067011,Forsyth,011
1019,37067065,Forsyth,065
1020,37067803,Forsyth,803
1021,37067802,Forsyth,802
1022,37067706,Forsyth,706
1023,37067901,Forsyth,901
1024,37067903,Forsyth,903
1025,37067907,Forsyth,907
1026,37067801,Forsyth,801
1027,37067122,Forsyth,122
1028,37067033,Forsyth,033
1029,37067083,Forsyth,083
1030,37067207,Forsyth,207
1031,37067064,Forsyth,064
1032,37067904,Forsyth,904
1033,37067111,Forsyth,111
1034,37067809,Forsyth,809
1035,37067807,Forsyth,807
1036,37067071,Forsyth,071
1037,37067052,Forsyth,052
1038,37067908,Forsyth,908
1039,37067501,Forsyth,501
1040,37067909,Forsyth,909
1041,37067123,Forsyth,123
1042,37067602,Forsyth,602
1043,37067906,Forsyth,906
1044,37067081,Forsyth,081
1045,37067034,Forsyth,034
1046,37067132,Forsyth,132
1047,37067072,Forsyth,072
1048,37067502,Forsyth,502
1049,37067062,Forsyth,062
1050,37067074,Forsyth,074
1051,37067015,Forsyth,015
1052,37067404,Forsyth,404
1053,37067131,Forsyth,131
1054,37067808,Forsyth,808
1055,37067075,Forsyth,075
1056,37067053,Forsyth,053
1057,37067705,Forsyth,705
1058,37067707,Forsyth,707
1059,37067101,Forsyth,101
1060,37067806,Forsyth,806
1061,37067701,Forsyth,701
1062,37067067,Forsyth,067
1063,37067073,Forsyth,073
1064,37067133,Forsyth,133
1065,37067051,Forsyth,051
1066,37067055,Forsyth,055
1067,37067054,Forsyth,054
1068,37067702,Forsyth,702
1069,37067905,Forsyth,905
1070,37067709,Forsyth,709
1071,37067031,Forsyth,031
1072,37067032,Forsyth,032
1073,37067092,Forsyth,092
1074,37067091,Forsyth,091
1075,37115SANDY,Madison,SANDY
1076,37115NORTH,Madison,NORTH
1077,37115LAUREL,Madison,LAUREL
1078,37115REVERE,Madison,REVERE
1079,37115GRAPEV,Madison,GRAPEV
1080,37115EBBS-C,Madison,EBBS-C
1081,37115MARS-H,Madison,MARS-H
1082,37115SOUTH,Madison,SOUTH
1083,37115WALNUT,Madison,WALNUT
1084,37115HOT-SP,Madison,HOT-SP
1085,37115SPRING,Madison,SPRING
1086,37115BEECH,Madison,BEECH
1087,37095BM,Hyde,BM
1088,37095OCK,Hyde,OCK
1089,37095ENG,Hyde,ENG
1090,37095FF,Hyde,FF
1091,37095SLAD,Hyde,SLAD
1092,37095SQ,Hyde,SQ
1093,37095LL,Hyde,LL
1094,37117W,Martin,W
1095,37117J,Martin,J
1096,37117GR,Martin,GR
1097,37117GN,Martin,GN
1098,37117HM,Martin,HM
1099,37117W2,Martin,W2
1100,37117HS,Martin,HS
1101,37117R2,Martin,R2
1102,37117W1,Martin,W1
1103,37117PP,Martin,PP
1104,37117R1,Martin,R1
1105,37117CR,Martin,CR
1106,37117BG,Martin,BG
1107,37135NS,Orange,NS
1108,37135WD,Orange,WD
1109,37135EA,Orange,EA
1110,37135LC,Orange,LC
1111,37135CH,Orange,CH
1112,37135WC,Orange,WC
1113,37135CB,Orange,CB
1114,37135SM,Orange,SM
1115,37135KM,Orange,KM
1116,37135CX,Orange,CX
1117,37135HF,Orange,HF
1118,37135H,Orange,H
1119,37135CC,Orange,CC
1120,37135PA,Orange,PA
1121,37135SJ,Orange,SJ
1122,37135TO,Orange,TO
1123,37135CO,Orange,CO
1124,37135CP,Orange,CP
1125,37135ENO,Orange,ENO
1126,37135BC,Orange,BC
1127,37135TH,Orange,TH
1128,37135CF,Orange,CF
1129,37135DA,Orange,DA
1130,37135CS1,Orange,CS1
1131,37135CW,Orange,CW
1132,37135EF,Orange,EF
1133,37135WH,Orange,WH
1134,37135GL,Orange,GL
1135,37135RF,Orange,RF
1136,3700111,Alamance,11
1137,3700110S,Alamance,10S
1138,3700109S,Alamance,09S
1139,3700110N,Alamance,10N
1140,37135OW,Orange,OW
1141,37135LI,Orange,LI
1142,37135GR,Orange,GR
1143,37135OG,Orange,OG
1144,37135EH,Orange,EH
1145,37135ES,Orange,ES
1146,37135CA,Orange,CA
1147,37135CG,Orange,CG
1148,37135WW,Orange,WW
1149,37135NC,Orange,NC
1150,37135MF,Orange,MF
1151,37135BP,Orange,BP
1152,37135DM,Orange,DM
1153,37135GB,Orange,GB
1154,37077ANTI,Granville,ANTI
1155,37077SASS,Granville,SASS
1156,37077CRDL,Granville,CRDL
1157,37077SALM,Granville,SALM
1158,37077TYHO,Granville,TYHO
1159,37077WOEL,Granville,WOEL
1160,37077CORI,Granville,CORI
1161,37077SOOX,Granville,SOOX
1162,37077WILT,Granville,WILT
1163,37077CRDM,Granville,CRDM
1164,37077BTNR,Granville,BTNR
1165,37077MTEN,Granville,MTEN
1166,37077BERE,Granville,BERE
1167,37077OKHL,Granville,OKHL
1168,37077EAOX,Granville,EAOX
1169,37067301,Forsyth,301
1170,37067607,Forsyth,607
1171,37067043,Forsyth,043
1172,37067013,Forsyth,013
1173,37067601,Forsyth,601
1174,37067804,Forsyth,804
1175,37067708,Forsyth,708
1176,37067304,Forsyth,304
1177,37067014,Forsyth,014
1178,37067082,Forsyth,082
1179,37067061,Forsyth,061
1180,37067012,Forsyth,012
1181,37067066,Forsyth,066
1182,37067021,Forsyth,021
1183,37067401,Forsyth,401
1184,37067506,Forsyth,506
1185,37067402,Forsyth,402
1186,37067902,Forsyth,902
1187,37067203,Forsyth,203
1188,37067303,Forsyth,303
1189,37067205,Forsyth,205
1190,37067042,Forsyth,042
1191,37067703,Forsyth,703
1192,37067507,Forsyth,507
1193,37067403,Forsyth,403
1194,37067505,Forsyth,505
1195,37067302,Forsyth,302
1196,37067704,Forsyth,704
1197,37067063,Forsyth,063
1198,37067604,Forsyth,604
1199,37067305,Forsyth,305
1200,3715114,Randolph,14
1201,3715117,Randolph,17
1202,3715121,Randolph,21
1203,3715122,Randolph,22
1204,3715102,Randolph,02
1205,3715107,Randolph,07
1206,3715105,Randolph,05
1207,3715108,Randolph,08
1208,3715124,Randolph,24
1209,3715120,Randolph,20
1210,3715106,Randolph,06
1211,3715134,Randolph,34
1212,3715140,Randolph,40
1213,3715118,Randolph,18
1214,3715109,Randolph,09
1215,3715116,Randolph,16
1216,3715110,Randolph,10
1217,3715137,Randolph,37
1218,3715133,Randolph,33
1219,3715132,Randolph,32
1220,3715112,Randolph,12
1221,3715111,Randolph,11
1222,3715125,Randolph,25
1223,3715131,Randolph,31
1224,3715136,Randolph,36
1225,3715126,Randolph,26
1226,3715113,Randolph,13
1227,3715139,Randolph,39
1228,3715101,Randolph,01
1229,3715135,Randolph,35
1230,3715103,Randolph,03
1231,3715115,Randolph,15
1232,3715127,Randolph,27
1233,3715119,Randolph,19
1234,3715104,Randolph,04
1235,3715128,Randolph,28
1236,3715123,Randolph,23
1237,3715129,Randolph,29
1238,3715130,Randolph,30
1239,3715138,Randolph,38
1240,37107SH,Lenoir,SH
1241,37107SW,Lenoir,SW
1242,37107N,Lenoir,N
1243,37107K2,Lenoir,K2
1244,37107I,Lenoir,I
1245,37107T1,Lenoir,T1
1246,37107FC,Lenoir,FC
1247,37107MH,Lenoir,MH
1248,37107K7,Lenoir,K7
1249,37107K9,Lenoir,K9
1250,37107K1,Lenoir,K1
1251,37107K6,Lenoir,K6
1252,37107K4,Lenoir,K4
1253,37027PR07,Caldwell,PR07
1254,37027PR19,Caldwell,PR19
1255,37027PR02,Caldwell,PR02
1256,37027PR08,Caldwell,PR08
1257,37027PR17,Caldwell,PR17
1258,37107K8,Lenoir,K8
1259,37107K3,Lenoir,K3
1260,37107V,Lenoir,V
1261,37107C,Lenoir,C
1262,37107T2,Lenoir,T2
1263,37107W,Lenoir,W
1264,37027PR27,Caldwell,PR27
1265,37027PR18,Caldwell,PR18
1266,37027PR21,Caldwell,PR21
1267,37027PR12,Caldwell,PR12
1268,37027PR16,Caldwell,PR16
1269,37027PR24,Caldwell,PR24
1270,37027PR29,Caldwell,PR29
1271,37027PR25,Caldwell,PR25
1272,37027PR22,Caldwell,PR22
1273,37027PR06,Caldwell,PR06
1274,37027PR13,Caldwell,PR13
1275,37027PR15,Caldwell,PR15
1276,37027PR01,Caldwell,PR01
1277,37027PR05,Caldwell,PR05
1278,3706912,Franklin,12
1279,3706911,Franklin,11
1280,3706909,Franklin,09
1281,37107K5,Lenoir,K5
1282,37107PH2,Lenoir,PH2
1283,37107PH1,Lenoir,PH1
1284,37027PR28,Caldwell,PR28
1285,37027PR23,Caldwell,PR23
1286,37027PR09,Caldwell,PR09
1287,37027PR14,Caldwell,PR14
1288,3706919,Franklin,19
1289,3706903,Franklin,03
1290,3706915,Franklin,15
1291,3706902,Franklin,02
1292,3706906,Franklin,06
1293,3706901,Franklin,01
1294,3706914,Franklin,14
1295,3706907,Franklin,07
1296,3706908,Franklin,08
1297,3706913,Franklin,13
1298,3706910,Franklin,10
1299,3706918,Franklin,18
1300,3706916,Franklin,16
1301,3706905,Franklin,05
1302,3706917,Franklin,17
1303,3719904-RAM,Yancey,04-RAM
1304,3719909-SOU,Yancey,09-SOU
1305,3719910-PEN,Yancey,10-PEN
1306,3719911-PRI,Yancey,11-PRI
1307,3719901-BUR,Yancey,01-BUR
1308,3719908-CRA,Yancey,08-CRA
1309,3719902-CAN,Yancey,02-CAN
1310,3719906-JAC,Yancey,06-JAC
1311,3719907-BRU,Yancey,07-BRU
1312,3719903-EGY,Yancey,03-EGY
1313,3719905-GRE,Yancey,05-GRE
1314,3700112E,Alamance,12E
1315,3700112W,Alamance,12W
1316,3700106N,Alamance,06N
1317,37001126,Alamance,126
1318,37001063,Alamance,063
1319,3700106W,Alamance,06W
1320,37001124,Alamance,124
1321,370011210,Alamance,1210
1322,3700103N,Alamance,03N
1323,3700102,Alamance,02
1324,3700106E,Alamance,06E
1325,3700106S,Alamance,06S
1326,3700112N,Alamance,12N
1327,3700101,Alamance,01
1328,37001125,Alamance,125
1329,37001129,Alamance,129
1330,3700103S,Alamance,03S
1331,3700108S,Alamance,08S
1332,3700108N,Alamance,08N
1333,37001064,Alamance,064
1334,37001128,Alamance,128
1335,3700103W,Alamance,03W
1336,37001103,Alamance,103
1337,3700107,Alamance,07
1338,3700112S,Alamance,12S
1339,3700104,Alamance,04
1340,3700105,Alamance,05
1341,3700113,Alamance,13
1342,37001035,Alamance,035
1343,3700103C,Alamance,03C
1344,3700109N,Alamance,09N
1345,37001127,Alamance,127
1346,37111N.COVE,McDowell,N.COVE
1347,37111DYSART,McDowell,DYSART
1348,37111GLENWD,McDowell,GLENWD
1349,37111M.COVE,McDowell,M.COVE
1350,37111MAR-5,McDowell,MAR-5
1351,37111PLEASA,McDowell,PLEASA
1352,37111FORT-1,McDowell,FORT-1
1353,37111MAR-1,McDowell,MAR-1
1354,37111MAR-4,McDowell,MAR-4
1355,37111HIGGIN,McDowell,HIGGIN
1356,37111MAR-3,McDowell,MAR-3
1357,37111WEST-M,McDowell,WEST-M
1358,37111CCREEK,McDowell,CCREEK
1359,37111FORT-2,McDowell,FORT-2
1360,37111MAR-2,McDowell,MAR-2
1361,37111NEBO,McDowell,NEBO
1362,37111T.COVE,McDowell,T.COVE
1363,37037PIT113,Chatham,PIT113
1364,3703715,Chatham,15
1365,370376,Chatham,6
1366,37037NWM117,Chatham,NWM117
1367,3703778,Chatham,78
1368,370379,Chatham,9
1369,3703718,Chatham,18
1370,3703745,Chatham,45
1371,3703742,Chatham,42
1372,37037MCH110,Chatham,MCH110
1373,370373,Chatham,3
1374,3703785,Chatham,85
1375,3703724,Chatham,24
1376,3703721,Chatham,21
1377,37037ESC114,Chatham,ESC114
1378,3703730,Chatham,30
1379,3703720,Chatham,20
1380,3703775,Chatham,75
1381,37181WATK,Vance,WATK
1382,37181WH2,Vance,WH2
1383,37181SH1,Vance,SH1
1384,37181TWNS,Vance,TWNS
1385,37181MIDD,Vance,MIDD
1386,37181DABN,Vance,DABN
1387,37181SCRK,Vance,SCRK
1388,37181SH2,Vance,SH2
1389,37181EH1,Vance,EH1
1390,37181WMSB,Vance,WMSB
1391,37181NH2,Vance,NH2
1392,37181HTOP,Vance,HTOP
1393,37181NH1,Vance,NH1
1394,37181EH2,Vance,EH2
1395,37181WH1,Vance,WH1
1396,37181KITT,Vance,KITT
1397,370230029,Burke,0029
1398,370230018,Burke,0018
1399,370230001,Burke,0001
1400,370230051,Burke,0051
1401,370230021,Burke,0021
1402,370230040,Burke,0040
1403,370230062,Burke,0062
1404,370230013,Burke,0013
1405,370230019,Burke,0019
1406,370230020,Burke,0020
1407,370230052,Burke,0052
1408,370230066,Burke,0066
1409,370230034,Burke,0034
1410,370230022,Burke,0022
1411,370230047,Burke,0047
1412,370230048,Burke,0048
1413,370230036,Burke,0036
1414,370230038,Burke,0038
1415,370230031,Burke,0031
1416,370230035,Burke,0035
1417,370230024,Burke,0024
1418,370230015,Burke,0015
1419,370230039,Burke,0039
1420,370230011,Burke,0011
1421,370230053,Burke,0053
1422,370230064,Burke,0064
1423,370230070,Burke,0070
1424,370230003,Burke,0003
1425,370230014,Burke,0014
1426,370230012,Burke,0012
1427,370230065,Burke,0065
1428,371670008,Stanly,0008
1429,371670013,Stanly,0013
1430,371670007,Stanly,0007
1431,371670023,Stanly,0023
1432,371670028,Stanly,0028
1433,371670012,Stanly,0012
1434,371670015,Stanly,0015
1435,371670017,Stanly,0017
1436,371670019,Stanly,0019
1437,371670010,Stanly,0010
1438,371670018,Stanly,0018
1439,371670020,Stanly,0020
1440,371670024,Stanly,0024
1441,3705901,Davie,01
1442,3705902,Davie,02
1443,3705903,Davie,03
1444,3705904,Davie,04
1445,3705905,Davie,05
1446,3705906,Davie,06
1447,3705907,Davie,07
1448,3705908,Davie,08
1449,3705909,Davie,09
1450,3705910,Davie,10
1451,3705911,Davie,11
1452,3705912,Davie,12
1453,3705913,Davie,13
1454,3705914,Davie,14
1455,371670014,Stanly,0014
1456,371670026,Stanly,0026
1457,371670021,Stanly,0021
1458,371670027,Stanly,0027
1459,371670003,Stanly,0003
1460,371670022,Stanly,0022
1461,371670011,Stanly,0011
1462,371670016,Stanly,0016
1463,371670002,Stanly,0002
1464,371670025,Stanly,0025
1465,37195PRWC,Wilson,PRWC
1466,37195PRWB,Wilson,PRWB
1467,37195PRWP,Wilson,PRWP
1468,37195PRWL,Wilson,PRWL
1469,37195PROL,Wilson,PROL
1470,37195PRWA,Wilson,PRWA
1471,37195PRWE,Wilson,PRWE
1472,37195PRBL,Wilson,PRBL
1473,37195PRSP,Wilson,PRSP
1474,37195PRWN,Wilson,PRWN
1475,37195PRTO,Wilson,PRTO
1476,37195PRTA,Wilson,PRTA
1477,37195PRSA,Wilson,PRSA
1478,37195PRWJ,Wilson,PRWJ
1479,37195PRWH,Wilson,PRWH
1480,37195PRWM,Wilson,PRWM
1481,37195PRWK,Wilson,PRWK
1482,37195PRWQ,Wilson,PRWQ
1483,37195PRGA,Wilson,PRGA
1484,37195PRWD,Wilson,PRWD
1485,37195PRWI,Wilson,PRWI
1486,37195PRWR,Wilson,PRWR
1487,37195PRCR,Wilson,PRCR
1488,37195PRST,Wilson,PRST
1489,37197BNVL,Yadkin,BNVL
1490,37197DCRK,Yadkin,DCRK
1491,37197EBND,Yadkin,EBND
1492,37197FBSH,Yadkin,FBSH
1493,37197NBCK,Yadkin,NBCK
1494,37197NFAL,Yadkin,NFAL
1495,37197NKNB,Yadkin,NKNB
1496,37197NLIB,Yadkin,NLIB
1497,37197SBCK,Yadkin,SBCK
1498,37197SFAL,Yadkin,SFAL
1499,37197SKNB,Yadkin,SKNB
1500,37197SLIB,Yadkin,SLIB
1501,37045WACO,Cleveland,WACO
1502,37045CASAR,Cleveland,CASAR
1503,37045LAWNDL,Cleveland,LAWNDL
1504,37045S5,Cleveland,S5
1505,37045POLKVL,Cleveland,POLKVL
1506,37045KM3,Cleveland,KM3
1507,37045BSPGS,Cleveland,BSPGS
1508,37045MULLS,Cleveland,MULLS
1509,37045LATT,Cleveland,LATT
1510,37045GROVER,Cleveland,GROVER
1511,37045S8,Cleveland,S8
1512,37045S7,Cleveland,S7
1513,37045S6,Cleveland,S6
1514,37045KM4,Cleveland,KM4
1515,37045KM2,Cleveland,KM2
1516,37045FALSTN,Cleveland,FALSTN
1517,37045KINGST,Cleveland,KINGST
1518,37045S4,Cleveland,S4
1519,37045S1,Cleveland,S1
1520,37045OAKGR,Cleveland,OAKGR
1521,37045RIPPY,Cleveland,RIPPY
1522,37045S2,Cleveland,S2
1523,37045MRB-YO,Cleveland,MRB-YO
1524,37045SHANGI,Cleveland,SHANGI
1525,37045H-SPGS,Cleveland,H-SPGS
1526,37045S3,Cleveland,S3
1527,37045BETHWR,Cleveland,BETHWR
1528,37045KM1,Cleveland,KM1
1529,3701907,Brunswick,07
1530,3701922,Brunswick,22
1531,3701920,Brunswick,20
1532,3701917,Brunswick,17
1533,3701901,Brunswick,01
1534,3701911,Brunswick,11
1535,3701913,Brunswick,13
1536,3701910,Brunswick,10
1537,3701905,Brunswick,05
1538,3701919,Brunswick,19
1539,3701916,Brunswick,16
1540,3701914,Brunswick,14
1541,3701915,Brunswick,15
1542,3701902,Brunswick,02
1543,3701923,Brunswick,23
1544,3701921,Brunswick,21
1545,3701908,Brunswick,08
1546,3701904,Brunswick,04
1547,3701903,Brunswick,03
1548,3701918,Brunswick,18
1549,3701912,Brunswick,12
1550,3701906,Brunswick,06
1551,3701909,Brunswick,09
1552,37125LTR,Moore,LTR
1553,37125PHC,Moore,PHC
1554,37125RBN,Moore,RBN
1555,37125DHR,Moore,DHR
1556,37125WEM,Moore,WEM
1557,37125CAR,Moore,CAR
1558,37125PHA,Moore,PHA
1559,37125EAB,Moore,EAB
1560,37125VSS,Moore,VSS
1561,37125WAB,Moore,WAB
1562,37125BEN,Moore,BEN
1563,37125SSP,Moore,SSP
1564,37125WND,Moore,WND
1565,37125SLS,Moore,SLS
1566,37125CAM,Moore,CAM
1567,37125PBF,Moore,PBF
1568,37125PHB2,Moore,PHB2
1569,37125TLT,Moore,TLT
1570,37125PHB1,Moore,PHB1
1571,37125EUR,Moore,EUR
1572,37125PDN,Moore,PDN
1573,37125KWD,Moore,KWD
1574,37125EWD,Moore,EWD
1575,37125NSP,Moore,NSP
1576,3700904,Ashe,04
1577,3700916,Ashe,16
1578,3700913,Ashe,13
1579,3700914,Ashe,14
1580,3700920,Ashe,20
1581,3700909,Ashe,09
1582,3700915,Ashe,15
1583,3700912,Ashe,12
1584,3700903,Ashe,03
1585,3700910,Ashe,10
1586,3700902,Ashe,02
1587,3700911,Ashe,11
1588,3700917,Ashe,17
1589,3700907,Ashe,07
1590,3700906,Ashe,06
1591,3700918,Ashe,18
1592,3700908,Ashe,08
1593,3712101,Mitchell,01
1594,3712104,Mitchell,04
1595,3712106,Mitchell,06
1596,3712107,Mitchell,07
1597,3712105,Mitchell,05
1598,3712103,Mitchell,03
1599,3712109,Mitchell,09
1600,3712108,Mitchell,08
1601,3712102,Mitchell,02
1602,3715305,Richmond,05
1603,3715309,Richmond,09
1604,3715314,Richmond,14
1605,3715304,Richmond,04
1606,3715301,Richmond,01
1607,3715308,Richmond,08
1608,3715316,Richmond,16
1609,3715302,Richmond,02
1610,3715313,Richmond,13
1611,3715315,Richmond,15
1612,3715312,Richmond,12
1613,3715311,Richmond,11
1614,3715310,Richmond,10
1615,3715307,Richmond,07
1616,3715306,Richmond,06
1617,3715303,Richmond,03
1618,37131LAKE-G,Northampton,LAKE-G
1619,37131GASTON,Northampton,GASTON
1620,37131SEABOA,Northampton,SEABOA
1621,37131RICH-S,Northampton,RICH-S
1622,37131SEVERN,Northampton,SEVERN
1623,37131PLEASA,Northampton,PLEASA
1624,37131GARYSB,Northampton,GARYSB
1625,37131GALATI,Northampton,GALATI
1626,37131NEWTOW,Northampton,NEWTOW
1627,37131PENDLE,Northampton,PENDLE
1628,37131WOODLA,Northampton,WOODLA
1629,3705702,Davidson,02
1630,3705750,Davidson,50
1631,3705710,Davidson,10
1632,3705748,Davidson,48
1633,3705760,Davidson,60
1634,3705752,Davidson,52
1635,3705740,Davidson,40
1636,3705728,Davidson,28
1637,3705770,Davidson,70
1638,3705776,Davidson,76
1639,3705780,Davidson,80
1640,3705768,Davidson,68
1641,3705772,Davidson,72
1642,3705722,Davidson,22
1643,3705774,Davidson,74
1644,37131JACKSO,Northampton,JACKSO
1645,37131CREEKS,Northampton,CREEKS
1646,37131REHOBE,Northampton,REHOBE
1647,37131CONWAY,Northampton,CONWAY
1648,37131LASKER,Northampton,LASKER
1649,3705736,Davidson,36
1650,3705716,Davidson,16
1651,3705726,Davidson,26
1652,3705704,Davidson,04
1653,3705782,Davidson,82
1654,3705724,Davidson,24
1655,3705730,Davidson,30
1656,3705766,Davidson,66
1657,3705712,Davidson,12
1658,3705754,Davidson,54
1659,3705746,Davidson,46
1660,3705758,Davidson,58
1661,3705708,Davidson,08
1662,3705734,Davidson,34
1663,3705742,Davidson,42
1664,3705720,Davidson,20
1665,3705718,Davidson,18
1666,3705784,Davidson,84
1667,3705778,Davidson,78
1668,3705706,Davidson,06
1669,3705744,Davidson,44
1670,3705762,Davidson,62
1671,3705732,Davidson,32
1672,3705756,Davidson,56
1673,37131MILWAU,Northampton,MILWAU
1674,3705764,Davidson,64
1675,3705738,Davidson,38
1676,3705714,Davidson,14
1677,37131POTECA,Northampton,POTECA
1678,37103P01,Jones,P01
1679,37103P02,Jones,P02
1680,37103P04,Jones,P04
1681,37103P07,Jones,P07
1682,37103P05,Jones,P05
1683,37103P03,Jones,P03
1684,37103P06,Jones,P06
1685,37003B1,Alexander,B1
1686,37003B2,Alexander,B2
1687,37003E,Alexander,E
1688,37003G1,Alexander,G1
1689,37003G2,Alexander,G2
1690,37003L,Alexander,L
1691,37003M,Alexander,M
1692,37003S1,Alexander,S1
1693,37003S2,Alexander,S2
1694,37003SL,Alexander,SL
1695,37003T1,Alexander,T1
1696,37003T2,Alexander,T2
1697,37003T3,Alexander,T3
1698,37003T4,Alexander,T4
1699,37003T5,Alexander,T5
1700,37003W,Alexander,W
1701,37097CC1,Iredell,CC1
1702,37097FT,Iredell,FT
1703,37119208,Mecklenburg,208
1704,37119127,Mecklenburg,127
1705,37097BE,Iredell,BE
1706,37097OL,Iredell,OL
1707,37097SB,Iredell,SB
1708,37097TB,Iredell,TB
1709,37097DV2-B,Iredell,DV2-B
1710,37097EM,Iredell,EM
1711,37097CD,Iredell,CD
1712,37097UG,Iredell,UG
1713,37091WN,Hertford,WN
1714,37091CM,Hertford,CM
1715,37091CO,Hertford,CO
1716,37091UN,Hertford,UN
1717,37091M2,Hertford,M2
1718,37091BR,Hertford,BR
1719,37091M1,Hertford,M1
1720,37091A1,Hertford,A1
1721,37091HV,Hertford,HV
1722,37091A2,Hertford,A2
1723,37091A3,Hertford,A3
1724,37091SJ,Hertford,SJ
1725,37097NH,Iredell,NH
1726,37097CH-B,Iredell,CH-B
1727,37097ST4,Iredell,ST4
1728,37091ML,Hertford,ML
1729,37097SH-B,Iredell,SH-B
1730,37097ST3,Iredell,ST3
1731,37097ST6,Iredell,ST6
1732,37097ST1,Iredell,ST1
1733,37097ST5,Iredell,ST5
1734,37097SH-A,Iredell,SH-A
1735,37097ST2,Iredell,ST2
1736,37097DV2-A,Iredell,DV2-A
1737,37097DV1-B,Iredell,DV1-B
1738,37097CC4,Iredell,CC4
1739,37097CC2,Iredell,CC2
1740,37097DV1-A,Iredell,DV1-A
1741,37097CH-A,Iredell,CH-A
1742,3707102,Gaston,02
1743,3707108,Gaston,08
1744,3707123,Gaston,23
1745,3707116,Gaston,16
1746,3707120,Gaston,20
1747,3707125,Gaston,25
1748,3707117,Gaston,17
1749,3707146,Gaston,46
1750,3707130,Gaston,30
1751,3707107,Gaston,07
1752,3707105,Gaston,05
1753,3707121,Gaston,21
1754,3707112,Gaston,12
1755,3707137,Gaston,37
1756,3707126,Gaston,26
1757,370650701,Edgecombe,0701
1758,370650101,Edgecombe,0101
1759,370650601,Edgecombe,0601
1760,370651204,Edgecombe,1204
1761,3707134,Gaston,34
1762,3707114,Gaston,14
1763,3707118,Gaston,18
1764,3707145,Gaston,45
1765,3707110,Gaston,10
1766,3707138,Gaston,38
1767,3707142,Gaston,42
1768,3707115,Gaston,15
1769,3707139,Gaston,39
1770,3707122,Gaston,22
1771,3707106,Gaston,06
1772,3707132,Gaston,32
1773,3707133,Gaston,33
1774,370650801,Edgecombe,0801
1775,370650104,Edgecombe,0104
1776,370651202,Edgecombe,1202
1777,370650501,Edgecombe,0501
1778,370651001,Edgecombe,1001
1779,370651401,Edgecombe,1401
1780,370650401,Edgecombe,0401
1781,370650301,Edgecombe,0301
1782,370651203,Edgecombe,1203
1783,370651205,Edgecombe,1205
1784,370651201,Edgecombe,1201
1785,370650102,Edgecombe,0102
1786,370651301,Edgecombe,1301
1787,3707143,Gaston,43
1788,3707131,Gaston,31
1789,3707119,Gaston,19
1790,3707140,Gaston,40
1791,3707144,Gaston,44
1792,3707141,Gaston,41
1793,3707103,Gaston,03
1794,3707113,Gaston,13
1795,370650901,Edgecombe,0901
1796,370651101,Edgecombe,1101
1797,370650103,Edgecombe,0103
1798,370650201,Edgecombe,0201
1799,3707111,Gaston,11
1800,3707136,Gaston,36
1801,3707135,Gaston,35
1802,3707104,Gaston,04
1803,3707128,Gaston,28
1804,3707127,Gaston,27
1805,3707109,Gaston,09
1806,3707124,Gaston,24
1807,3707101,Gaston,01
1808,3707129,Gaston,29
1809,3702504-02,Cabarrus,04-02
1810,3702502-07,Cabarrus,02-07
1811,3702502-02,Cabarrus,02-02
1812,3702512-09,Cabarrus,12-09
1813,3702512-12,Cabarrus,12-12
1814,3702501-10,Cabarrus,01-10
1815,3702512-08,Cabarrus,12-08
1816,3702512-03,Cabarrus,12-03
1817,3702502-03,Cabarrus,02-03
1818,3702503-00,Cabarrus,03-00
1819,3702505-00,Cabarrus,05-00
1820,3702504-06,Cabarrus,04-06
1821,3702511-02,Cabarrus,11-02
1822,3702504-10,Cabarrus,04-10
1823,3702510-00,Cabarrus,10-00
1824,3702501-02,Cabarrus,01-02
1825,3702504-08,Cabarrus,04-08
1826,3702502-06,Cabarrus,02-06
1827,3702502-01,Cabarrus,02-01
1828,3702504-07,Cabarrus,04-07
1829,3702502-05,Cabarrus,02-05
1830,37187P2,Washington,P2
1831,37187SC,Washington,SC
1832,37187LM,Washington,LM
1833,37187SK,Washington,SK
1834,37187P3,Washington,P3
1835,3702501-06,Cabarrus,01-06
1836,3702501-04,Cabarrus,01-04
1837,37187P1,Washington,P1
1838,3702504-01,Cabarrus,04-01
1839,3702512-02,Cabarrus,12-02
1840,37105C,Lee,C
1841,37105A,Lee,A
1842,37105E,Lee,E
1843,37105D,Lee,D
1844,37105B,Lee,B
1845,3702504-05,Cabarrus,04-05
1846,3702512-06,Cabarrus,12-06
1847,3702512-11,Cabarrus,12-11
1848,3702512-04,Cabarrus,12-04
1849,3702502-08,Cabarrus,02-08
1850,3702512-05,Cabarrus,12-05
1851,3702512-01,Cabarrus,12-01
1852,3702512-07,Cabarrus,12-07
1853,3702511-01,Cabarrus,11-01
1854,3702502-09,Cabarrus,02-09
1855,3702501-08,Cabarrus,01-08
1856,3702501-09,Cabarrus,01-09
1857,370734N,Gates,4N
1858,370734S,Gates,4S
1859,370732,Gates,2
1860,370733,Gates,3
1861,370731,Gates,1
1862,370735,Gates,5
1863,3702501-07,Cabarrus,01-07
1864,3702506-00,Cabarrus,06-00
1865,3702507-00,Cabarrus,07-00
1866,3702508-00,Cabarrus,08-00
1867,3702509-00,Cabarrus,09-00
1868,3702504-04,Cabarrus,04-04
1869,3702512-10,Cabarrus,12-10
1870,3702504-03,Cabarrus,04-03
1871,3702504-09,Cabarrus,04-09
1872,37133HR17,Onslow,HR17
1873,37133FS16,Onslow,FS16
1874,37133SW19,Onslow,SW19
1875,37133EN03,Onslow,EN03
1876,37133CR07,Onslow,CR07
1877,37133NR02,Onslow,NR02
1878,37133WN04,Onslow,WN04
1879,37133BM08,Onslow,BM08
1880,37133RL09,Onslow,RL09
1881,37133NE22,Onslow,NE22
1882,37133JA01,Onslow,JA01
1883,37133GB12,Onslow,GB12
1884,37133MT24,Onslow,MT24
1885,37133ML23,Onslow,ML23
1886,37133BC21,Onslow,BC21
1887,37133TL06,Onslow,TL06
1888,37133VR15,Onslow,VR15
1889,37133CL10,Onslow,CL10
1890,37133NM13,Onslow,NM13
1891,37133HU20,Onslow,HU20
1892,37133HM05,Onslow,HM05
1893,37133HN14,Onslow,HN14
1894,37133SF18,Onslow,SF18
1895,3702113.1,Buncombe,13.1
1896,3702124.1,Buncombe,24.1
1897,37021101.1,Buncombe,101.1
1898,37145HLWY,Person,HLWY
1899,37145ROX3,Person,ROX3
1900,37145WDSD,Person,WDSD
1901,37145CUCL,Person,CUCL
1902,37145MTTZ,Person,MTTZ
1903,37145FLRI,Person,FLRI
1904,3702171.1,Buncombe,71.1
1905,3702128.1,Buncombe,28.1
1906,3702166.1,Buncombe,66.1
1907,3702161.1,Buncombe,61.1
1908,3702160.2,Buncombe,60.2
1909,3702149.1,Buncombe,49.1
1910,3702163.1,Buncombe,63.1
1911,3702115.1,Buncombe,15.1
1912,3702162.1,Buncombe,62.1
1913,3702133.3,Buncombe,33.3
1914,3702134.1,Buncombe,34.1
1915,37021107.1,Buncombe,107.1
1916,37145ROX4,Person,ROX4
1917,37145ROX2,Person,ROX2
1918,37145RX1A,Person,RX1A
1919,37145ROX1,Person,ROX1
1920,37145HUML,Person,HUML
1921,37145ALVI,Person,ALVI
1922,37145BFRK,Person,BFRK
1923,37145OLHI,Person,OLHI
1924,3702119.1,Buncombe,19.1
1925,3702138.3,Buncombe,38.3
1926,3702110.1,Buncombe,10.1
1927,3702112.1,Buncombe,12.1
1928,3702137.1,Buncombe,37.1
1929,3702101.1,Buncombe,01.1
1930,3702155.1,Buncombe,55.1
1931,3702150.1,Buncombe,50.1
1932,3702164.1,Buncombe,64.1
1933,3702111.1,Buncombe,11.1
1934,3702105.1,Buncombe,05.1
1935,3702135.1,Buncombe,35.1
1936,3702141.1,Buncombe,41.1
1937,3702131.1,Buncombe,31.1
1938,37021103.1,Buncombe,103.1
1939,3702158.1,Buncombe,58.1
1940,3702157.1,Buncombe,57.1
1941,3702145.1,Buncombe,45.1
1942,3702136.1,Buncombe,36.1
1943,3702103.1,Buncombe,03.1
1944,37021105.1,Buncombe,105.1
1945,3702106.1,Buncombe,06.1
1946,3702133.2,Buncombe,33.2
1947,37021104.1,Buncombe,104.1
1948,3702132.1,Buncombe,32.1
1949,3702125.1,Buncombe,25.1
1950,3702159.1,Buncombe,59.1
1951,3702139.1,Buncombe,39.1
1952,37021100.1,Buncombe,100.1
1953,3702114.2,Buncombe,14.2
1954,3702104.1,Buncombe,04.1
1955,3702152.1,Buncombe,52.1
1956,37021106.1,Buncombe,106.1
1957,3702146.1,Buncombe,46.1
1958,3702168.1,Buncombe,68.1
1959,37021102.1,Buncombe,102.1
1960,3702170.1,Buncombe,70.1
1961,3702165.1,Buncombe,65.1
1962,3702147.1,Buncombe,47.1
1963,3702153.1,Buncombe,53.1
1964,3702148.1,Buncombe,48.1
1965,3702138.2,Buncombe,38.2
1966,3702107.1,Buncombe,07.1
1967,3702120.1,Buncombe,20.1
1968,3702167.1,Buncombe,67.1
1969,3702117.1,Buncombe,17.1
1970,3702126.1,Buncombe,26.1
1971,3702102.1,Buncombe,02.1
1972,3702130.1,Buncombe,30.1
1973,3702169.1,Buncombe,69.1
1974,3702144.1,Buncombe,44.1
1975,3702109.1,Buncombe,09.1
1976,3715529,Robeson,29
1977,3715507,Robeson,07
1978,3715519,Robeson,19
1979,3715505,Robeson,05
1980,3715538,Robeson,38
1981,3715540,Robeson,40
1982,3715537,Robeson,37
1983,3715511,Robeson,11
1984,3715515,Robeson,15
1985,3715520,Robeson,20
1986,3715536,Robeson,36
1987,3715521,Robeson,21
1988,3715502,Robeson,02
1989,3715526,Robeson,26
1990,3715535,Robeson,35
1991,3715541,Robeson,41
1992,3715539,Robeson,39
1993,3715532,Robeson,32
1994,3715530,Robeson,30
1995,3715503,Robeson,03
1996,3715501,Robeson,01
1997,3715510,Robeson,10
1998,3715533,Robeson,33
1999,3715531,Robeson,31
2000,3715528,Robeson,28
2001,3715522,Robeson,22
2002,3715527,Robeson,27
2003,3715524,Robeson,24
2004,3715525,Robeson,25
2005,3715504,Robeson,04
2006,3715523,Robeson,23
2007,3715516,Robeson,16
2008,3715517,Robeson,17
2009,3715513,Robeson,13
2010,3715512,Robeson,12
2011,3715514,Robeson,14
2012,3715508,Robeson,08
2013,3715506,Robeson,06
2014,3715518A,Robeson,18A
2015,3715509,Robeson,09
2016,3715534,Robeson,34
2017,37055KTHK,Dare,KTHK
2018,37055DUCK,Dare,DUCK
2019,37055KDH,Dare,KDH
2020,37055EL,Dare,EL
2021,37055STPT,Dare,STPT
2022,37055CHCA,Dare,CHCA
2023,37055MH,Dare,MH
2024,37141CF11,Pender,CF11
2025,37055SOSH,Dare,SOSH
2026,37055COL,Dare,COL
2027,37055MATO,Dare,MATO
2028,37055NGHD,Dare,NGHD
2029,37055AVON,Dare,AVON
2030,37141CL05,Pender,CL05
2031,37141CS04,Pender,CS04
2032,37141CT03,Pender,CT03
2033,37141GR06,Pender,GR06
2034,37141LC09,Pender,LC09
2035,37141LU16,Pender,LU16
2036,37141MH07,Pender,MH07
2037,37141MT19,Pender,MT19
2038,37143PARKVI,Perquimans,PARKVI
2039,37143BELVID,Perquimans,BELVID
2040,37143NICANO,Perquimans,NICANO
2041,37143BETHEL,Perquimans,BETHEL
2042,37143EAST-H,Perquimans,EAST-H
2043,37055HAT,Dare,HAT
2044,37055FRCO,Dare,FRCO
2045,37055BUX,Dare,BUX
2046,37141NB01,Pender,NB01
2047,37141PL10,Pender,PL10
2048,37143WEST-H,Perquimans,WEST-H
2049,37143NEW-HO,Perquimans,NEW-HO
2050,37055WAN,Dare,WAN
2051,37141RP20,Pender,RP20
2052,37141SB02,Pender,SB02
2053,37141SC13,Pender,SC13
2054,37141SP15,Pender,SP15
2055,37141UH08,Pender,UH08
2056,37141UT14,Pender,UT14
2057,37141UU17,Pender,UU17
2058,371658,Scotland,8
2059,371653,Scotland,3
2060,371654,Scotland,4
2061,371659,Scotland,9
2062,371657,Scotland,7
2063,3716510,Scotland,10
2064,371652,Scotland,2
2065,371655,Scotland,5
2066,371656,Scotland,6
2067,371651,Scotland,1
2068,37013RVRD,Beaufort,RVRD
2069,37013AUROR,Beaufort,AUROR
2070,37013NCRK,Beaufort,NCRK
2071,37013WASH1,Beaufort,WASH1
2072,37013BLCK,Beaufort,BLCK
2073,37013OLDF,Beaufort,OLDF
2074,37013PINET,Beaufort,PINET
2075,37013BELHV,Beaufort,BELHV
2076,37013GILEA,Beaufort,GILEA
2077,37013TCRK,Beaufort,TCRK
2078,37013PSJW3,Beaufort,PSJW3
2079,37013CHOCO,Beaufort,CHOCO
2080,37013WASH2,Beaufort,WASH2
2081,37013PANTE,Beaufort,PANTE
2082,37013WASH4,Beaufort,WASH4
2083,37013BEADM,Beaufort,BEADM
2084,37013EDWAR,Beaufort,EDWAR
2085,37013SURBA,Beaufort,SURBA
2086,37013HB,Beaufort,HB
2087,37013WDPD,Beaufort,WDPD
2088,37013WASHP,Beaufort,WASHP
2089,3700506,Alleghany,06
2090,3700505,Alleghany,05
2091,3700501,Alleghany,01
2092,3700503,Alleghany,03
2093,3700504,Alleghany,04
2094,3700502,Alleghany,02
2095,3700507,Alleghany,07
2096,3716104A,Rutherford,04A
2097,3716116A,Rutherford,16A
2098,3716127,Rutherford,27
2099,3716128,Rutherford,28
2100,3716106A,Rutherford,06A
2101,3716113,Rutherford,13
2102,3716130,Rutherford,30
2103,3716114,Rutherford,14
2104,3716110A,Rutherford,10A
2105,3716103A,Rutherford,03A
2106,3716119,Rutherford,19
2107,3716134,Rutherford,34
2108,3716109A,Rutherford,09A
2109,3716118,Rutherford,18
2110,3716105A,Rutherford,05A
2111,3716111,Rutherford,11
2112,3716129,Rutherford,29
2113,37119001,Mecklenburg,001
2114,37119002,Mecklenburg,002
2115,37119042,Mecklenburg,042
2116,37119043,Mecklenburg,043
2117,37119044,Mecklenburg,044
2118,37119091,Mecklenburg,091
2119,37119092,Mecklenburg,092
2120,37119094,Mecklenburg,094
2121,37119095,Mecklenburg,095
2122,37119096,Mecklenburg,096
2123,37119226,Mecklenburg,226
2124,3717716,Tyrrell,16
2125,37119003,Mecklenburg,003
2126,37119004,Mecklenburg,004
2127,37119005,Mecklenburg,005
2128,37119045,Mecklenburg,045
2129,37119046,Mecklenburg,046
2130,37119217,Mecklenburg,217
2131,37119097,Mecklenburg,097
2132,37119098,Mecklenburg,098
2133,37119227,Mecklenburg,227
2134,37119229,Mecklenburg,229
2135,37119230,Mecklenburg,230
2136,37119231,Mecklenburg,231
2137,37119232,Mecklenburg,232
2138,37119233,Mecklenburg,233
2139,37119234,Mecklenburg,234
2140,37119236,Mecklenburg,236
2141,37119007,Mecklenburg,007
2142,37119008,Mecklenburg,008
2143,37119047,Mecklenburg,047
2144,37119048,Mecklenburg,048
2145,37119099,Mecklenburg,099
2146,37119100,Mecklenburg,100
2147,37119101,Mecklenburg,101
2148,37119102,Mecklenburg,102
2149,37119103,Mecklenburg,103
2150,37119104,Mecklenburg,104
2151,37119237,Mecklenburg,237
2152,37119238.1,Mecklenburg,238.1
2153,37119151,Mecklenburg,151
2154,37119009,Mecklenburg,009
2155,37119010,Mecklenburg,010
2156,37119049,Mecklenburg,049
2157,37119050,Mecklenburg,050
2158,37119105,Mecklenburg,105
2159,37119106,Mecklenburg,106
2160,37119146,Mecklenburg,146
2161,37119107.1,Mecklenburg,107.1
2162,37119239,Mecklenburg,239
2163,37119145,Mecklenburg,145
2164,37119241,Mecklenburg,241
2165,37119242,Mecklenburg,242
2166,37119243,Mecklenburg,243
2167,37119220,Mecklenburg,220
2168,37119235,Mecklenburg,235
2169,37119011,Mecklenburg,011
2170,37119012,Mecklenburg,012
2171,37119051,Mecklenburg,051
2172,37119052,Mecklenburg,052
2173,37119109,Mecklenburg,109
2174,37119110,Mecklenburg,110
2175,37119111,Mecklenburg,111
2176,37119112,Mecklenburg,112
2177,37119113,Mecklenburg,113
2178,37119204.1,Mecklenburg,204.1
2179,37119149,Mecklenburg,149
2180,37119202,Mecklenburg,202
2181,37119206,Mecklenburg,206
2182,37119013,Mecklenburg,013
2183,37119014,Mecklenburg,014
2184,37119015,Mecklenburg,015
2185,37119054,Mecklenburg,054
2186,37119055,Mecklenburg,055
2187,37119056,Mecklenburg,056
2188,37119114,Mecklenburg,114
2189,37119115,Mecklenburg,115
2190,37119116,Mecklenburg,116
2191,37119117,Mecklenburg,117
2192,37119006,Mecklenburg,006
2193,37119016,Mecklenburg,016
2194,37119057,Mecklenburg,057
2195,37119058,Mecklenburg,058
2196,37119118,Mecklenburg,118
2197,37119119,Mecklenburg,119
2198,37119120,Mecklenburg,120
2199,37119121,Mecklenburg,121
2200,37119017,Mecklenburg,017
2201,37119018,Mecklenburg,018
2202,37119019,Mecklenburg,019
2203,37119059,Mecklenburg,059
2204,37119060,Mecklenburg,060
2205,37119061,Mecklenburg,061
2206,37119123,Mecklenburg,123
2207,37119124,Mecklenburg,124
2208,37119125,Mecklenburg,125
2209,37119126,Mecklenburg,126
2210,37119128,Mecklenburg,128
2211,37119020,Mecklenburg,020
2212,37119021,Mecklenburg,021
2213,37119062,Mecklenburg,062
2214,37119063,Mecklenburg,063
2215,37119129,Mecklenburg,129
2216,37119087,Mecklenburg,087
2217,37119130,Mecklenburg,130
2218,37119022,Mecklenburg,022
2219,37119023,Mecklenburg,023
2220,37119053,Mecklenburg,053
2221,37119064,Mecklenburg,064
2222,37119065,Mecklenburg,065
2223,37119131,Mecklenburg,131
2224,37119132,Mecklenburg,132
2225,37119024,Mecklenburg,024
2226,37119040,Mecklenburg,040
2227,37119025,Mecklenburg,025
2228,37119066,Mecklenburg,066
2229,37119067,Mecklenburg,067
2230,37119133,Mecklenburg,133
2231,37119134,Mecklenburg,134
2232,37119135,Mecklenburg,135
2233,37119136,Mecklenburg,136
2234,37119137,Mecklenburg,137
2235,37119138,Mecklenburg,138
2236,37119148,Mecklenburg,148
2237,37119139.1,Mecklenburg,139.1
2238,37119140,Mecklenburg,140
2239,37119026,Mecklenburg,026
2240,37119027,Mecklenburg,027
2241,37119068,Mecklenburg,068
2242,37119069,Mecklenburg,069
2243,37119070,Mecklenburg,070
2244,37119071,Mecklenburg,071
2245,37119144,Mecklenburg,144
2246,37119141,Mecklenburg,141
2247,37119142,Mecklenburg,142
2248,37119143,Mecklenburg,143
2249,37119028,Mecklenburg,028
2250,37119029,Mecklenburg,029
2251,37119030,Mecklenburg,030
2252,37119031,Mecklenburg,031
2253,37119072,Mecklenburg,072
2254,37119073,Mecklenburg,073
2255,37119074,Mecklenburg,074
2256,37119240,Mecklenburg,240
2257,37119200,Mecklenburg,200
2258,37119201,Mecklenburg,201
2259,37119203,Mecklenburg,203
2260,37119205,Mecklenburg,205
2261,37119207,Mecklenburg,207
2262,37119209,Mecklenburg,209
2263,37119210,Mecklenburg,210
2264,37119211,Mecklenburg,211
2265,37119212,Mecklenburg,212
2266,37119032,Mecklenburg,032
2267,37119033,Mecklenburg,033
2268,37119034,Mecklenburg,034
2269,37119075,Mecklenburg,075
2270,37119076,Mecklenburg,076
2271,37119122,Mecklenburg,122
2272,37119077,Mecklenburg,077
2273,37119225,Mecklenburg,225
2274,37119228,Mecklenburg,228
2275,37119213,Mecklenburg,213
2276,37119214,Mecklenburg,214
2277,37119215,Mecklenburg,215
2278,37119035,Mecklenburg,035
2279,37119036,Mecklenburg,036
2280,37119147,Mecklenburg,147
2281,37119078.1,Mecklenburg,078.1
2282,37119216,Mecklenburg,216
2283,37119218,Mecklenburg,218
2284,3717714,Tyrrell,14
2285,3717703,Tyrrell,03
2286,37119037,Mecklenburg,037
2287,37119038,Mecklenburg,038
2288,37119039,Mecklenburg,039
2289,37119041,Mecklenburg,041
2290,37119079,Mecklenburg,079
2291,37119080,Mecklenburg,080
2292,37119081,Mecklenburg,081
2293,37119082,Mecklenburg,082
2294,37119083,Mecklenburg,083
2295,37119084,Mecklenburg,084
2296,37119108,Mecklenburg,108
2297,37119085,Mecklenburg,085
2298,37119093,Mecklenburg,093
2299,37119086,Mecklenburg,086
2300,37119088,Mecklenburg,088
2301,37119089,Mecklenburg,089
2302,37119090,Mecklenburg,090
2303,37119219,Mecklenburg,219
2304,37119221,Mecklenburg,221
2305,37119222,Mecklenburg,222
2306,37119150,Mecklenburg,150
2307,37119223.1,Mecklenburg,223.1
2308,37119224,Mecklenburg,224
2309,3717701,Tyrrell,01
2310,3717702,Tyrrell,02
2311,3717715,Tyrrell,15
2312,37157CO,Rockingham,CO
2313,37157MC,Rockingham,MC
2314,37157WM,Rockingham,WM
2315,37157EC,Rockingham,EC
2316,37157RC,Rockingham,RC
2317,37157LI,Rockingham,LI
2318,37157ED-1,Rockingham,ED-1
2319,37157LK-2,Rockingham,LK-2
2320,37157DR,Rockingham,DR
2321,37157VA,Rockingham,VA
2322,37157HU,Rockingham,HU
2323,37157HO,Rockingham,HO
2324,37157MD,Rockingham,MD
2325,37157RD-1,Rockingham,RD-1
2326,37157IR,Rockingham,IR
2327,37157MA,Rockingham,MA
2328,37157NB,Rockingham,NB
2329,37157AV,Rockingham,AV
2330,37173ALMOND,Swain,ALMOND
2331,3711306,Macon,06
2332,3711310,Macon,10
2333,3711311,Macon,11
2334,3711309,Macon,09
2335,3711305,Macon,05
2336,3711308,Macon,08
2337,3711302,Macon,02
2338,3711312,Macon,12
2339,3711307,Macon,07
2340,3711313,Macon,13
2341,3711314,Macon,14
2342,3711315,Macon,15
2343,3711304,Macon,04
2344,3711301,Macon,01
2345,3711303,Macon,03
2346,3716917,Stokes,17
2347,3716916,Stokes,16
2348,3716915,Stokes,15
2349,3716912,Stokes,12
2350,3716910,Stokes,10
2351,3716903,Stokes,03
2352,3716911,Stokes,11
2353,3716907,Stokes,07
2354,3716901,Stokes,01
2355,3716902,Stokes,02
2356,3716913,Stokes,13
2357,3716908,Stokes,08
2358,3716906,Stokes,06
2359,3716909,Stokes,09
2360,3716904,Stokes,04
2361,3716905,Stokes,05
2362,3716920,Stokes,20
2363,3716914,Stokes,14
2364,3716919,Stokes,19
2365,3716918,Stokes,18
2366,37179033,Union,033
2367,37179041,Union,041
2368,37179021,Union,021
2369,37179028,Union,028
2370,37179020B,Union,020B
2371,37179029C,Union,029C
2372,37179017B,Union,017B
2373,37179031,Union,031
2374,37179043,Union,043
2375,37179038A,Union,038A
2376,37179019,Union,019
2377,37179007,Union,007
2378,37179022,Union,022
2379,37179037A,Union,037A
2380,37179018,Union,018
2381,37179023,Union,023
2382,37179042,Union,042
2383,37179005,Union,005
2384,37179004,Union,004
2385,37179001,Union,001
2386,37179034,Union,034
2387,37179006,Union,006
2388,37179036,Union,036
2389,37179027,Union,027
2390,37179008,Union,008
2391,37179013,Union,013
2392,37179039,Union,039
2393,37179010,Union,010
2394,37179003,Union,003
2395,37179002,Union,002
2396,37179025,Union,025
2397,37179024,Union,024
2398,37179009,Union,009
2399,37179026,Union,026
2400,37179032,Union,032
2401,37179040,Union,040
2402,37179014,Union,014
2403,37179030,Union,030
2404,37179016,Union,016
2405,37179015,Union,015
2406,37179012,Union,012
2407,37179035,Union,035
2408,37179011,Union,011
2409,37179020A,Union,020A
2410,37179017A,Union,017A
2411,37179029A,Union,029A
2412,37179038B,Union,038B
2413,37179037B,Union,037B
2414,37179029B,Union,029B
2415,3718308-05,Wake,08-05
2416,3718308-04,Wake,08-04
2417,3718308-03,Wake,08-03
2418,3718308-02,Wake,08-02
2419,3718301-26,Wake,01-26
2420,3718301-25,Wake,01-25
2421,3718301-23,Wake,01-23
2422,3718307-13,Wake,07-13
2423,3718307-12,Wake,07-12
2424,3718307-11,Wake,07-11
2425,3718307-10,Wake,07-10
2426,3718307-09,Wake,07-09
2427,3718301-22,Wake,01-22
2428,3718301-21,Wake,01-21
2429,3718301-20,Wake,01-20
2430,3718301-19,Wake,01-19
2431,3718301-18,Wake,01-18
2432,3718301-17,Wake,01-17
2433,3718301-16,Wake,01-16
2434,3718301-15,Wake,01-15
2435,3718307-07,Wake,07-07
2436,3718307-06,Wake,07-06
2437,3718307-05,Wake,07-05
2438,3718301-14,Wake,01-14
2439,3718301-13,Wake,01-13
2440,3718301-12,Wake,01-12
2441,3718301-11,Wake,01-11
2442,3718307-04,Wake,07-04
2443,3718307-03,Wake,07-03
2444,3718307-02,Wake,07-02
2445,3718301-10,Wake,01-10
2446,3718301-09,Wake,01-09
2447,3718301-07,Wake,01-07
2448,3718307-01,Wake,07-01
2449,3718306-06,Wake,06-06
2450,3718306-07,Wake,06-07
2451,3718306-05,Wake,06-05
2452,3718306-04,Wake,06-04
2453,3718306-01,Wake,06-01
2454,3718305-06,Wake,05-06
2455,3718305-05,Wake,05-05
2456,3718305-04,Wake,05-04
2457,3718305-03,Wake,05-03
2458,3718305-01,Wake,05-01
2459,3718304-21,Wake,04-21
2460,3718301-06,Wake,01-06
2461,3718301-05,Wake,01-05
2462,3718304-20,Wake,04-20
2463,3718304-19,Wake,04-19
2464,3718304-18,Wake,04-18
2465,3718301-04,Wake,01-04
2466,3718301-03,Wake,01-03
2467,3718304-17,Wake,04-17
2468,3718304-16,Wake,04-16
2469,3718304-15,Wake,04-15
2470,3718304-14,Wake,04-14
2471,3718304-13,Wake,04-13
2472,3718304-12,Wake,04-12
2473,3718301-02,Wake,01-02
2474,3718301-01,Wake,01-01
2475,3718304-11,Wake,04-11
2476,3718304-10,Wake,04-10
2477,3718304-09,Wake,04-09
2478,3718304-08,Wake,04-08
2479,3718304-07,Wake,04-07
2480,3718304-06,Wake,04-06
2481,3718304-05,Wake,04-05
2482,3718304-04,Wake,04-04
2483,3718304-03,Wake,04-03
2484,3718304-02,Wake,04-02
2485,3718320-12,Wake,20-12
2486,3718320-11,Wake,20-11
2487,3718320-10,Wake,20-10
2488,3718320-09,Wake,20-09
2489,3718320-08,Wake,20-08
2490,3718320-06,Wake,20-06
2491,3718320-05,Wake,20-05
2492,3718320-04,Wake,20-04
2493,3718320-03,Wake,20-03
2494,3718320-02,Wake,20-02
2495,3718320-01,Wake,20-01
2496,3718319-17,Wake,19-17
2497,3718319-16,Wake,19-16
2498,3718319-12,Wake,19-12
2499,3718319-11,Wake,19-11
2500,3718304-01,Wake,04-01
2501,3718303-00,Wake,03-00
2502,3718302-06,Wake,02-06
2503,3718302-05,Wake,02-05
2504,3718302-04,Wake,02-04
2505,3718302-03,Wake,02-03
2506,3718302-02,Wake,02-02
2507,3718302-01,Wake,02-01
2508,3718319-10,Wake,19-10
2509,3718319-09,Wake,19-09
2510,3718319-07,Wake,19-07
2511,3718319-06,Wake,19-06
2512,3718319-05,Wake,19-05
2513,3718319-04,Wake,19-04
2514,3718319-03,Wake,19-03
2515,3718318-08,Wake,18-08
2516,3718318-07,Wake,18-07
2517,3718318-06,Wake,18-06
2518,3718318-05,Wake,18-05
2519,3718318-04,Wake,18-04
2520,3718318-03,Wake,18-03
2521,3718318-02,Wake,18-02
2522,3718318-01,Wake,18-01
2523,3718317-11,Wake,17-11
2524,3718301-51,Wake,01-51
2525,3718301-50,Wake,01-50
2526,3718301-49,Wake,01-49
2527,3718301-48,Wake,01-48
2528,3718301-47,Wake,01-47
2529,3718317-10,Wake,17-10
2530,3718317-09,Wake,17-09
2531,3718317-08,Wake,17-08
2532,3718317-07,Wake,17-07
2533,3718317-06,Wake,17-06
2534,3718317-05,Wake,17-05
2535,3718317-04,Wake,17-04
2536,3718317-03,Wake,17-03
2537,3718317-02,Wake,17-02
2538,3718317-01,Wake,17-01
2539,3718316-09,Wake,16-09
2540,3718316-08,Wake,16-08
2541,3718316-07,Wake,16-07
2542,3718301-46,Wake,01-46
2543,3718301-45,Wake,01-45
2544,3718316-06,Wake,16-06
2545,3718316-05,Wake,16-05
2546,3718316-04,Wake,16-04
2547,3718301-44,Wake,01-44
2548,3718301-43,Wake,01-43
2549,3718301-42,Wake,01-42
2550,3718301-41,Wake,01-41
2551,3718316-03,Wake,16-03
2552,3718316-02,Wake,16-02
2553,3718316-01,Wake,16-01
2554,3718315-04,Wake,15-04
2555,3718315-03,Wake,15-03
2556,3718315-02,Wake,15-02
2557,3718315-01,Wake,15-01
2558,3718314-02,Wake,14-02
2559,3718314-01,Wake,14-01
2560,3718313-11,Wake,13-11
2561,3718313-10,Wake,13-10
2562,3718313-09,Wake,13-09
2563,3718301-40,Wake,01-40
2564,3718301-39,Wake,01-39
2565,3718301-38,Wake,01-38
2566,3718301-37,Wake,01-37
2567,3718301-36,Wake,01-36
2568,3718301-35,Wake,01-35
2569,3718313-08,Wake,13-08
2570,3718313-07,Wake,13-07
2571,3718313-06,Wake,13-06
2572,3718313-05,Wake,13-05
2573,3718313-02,Wake,13-02
2574,3718313-01,Wake,13-01
2575,3718312-09,Wake,12-09
2576,3718312-08,Wake,12-08
2577,3718312-07,Wake,12-07
2578,3718312-06,Wake,12-06
2579,3718312-05,Wake,12-05
2580,3718312-04,Wake,12-04
2581,3718301-34,Wake,01-34
2582,3718301-33,Wake,01-33
2583,3718312-02,Wake,12-02
2584,3718312-01,Wake,12-01
2585,3718311-02,Wake,11-02
2586,3718311-01,Wake,11-01
2587,3718310-04,Wake,10-04
2588,3718310-03,Wake,10-03
2589,3718310-02,Wake,10-02
2590,3718310-01,Wake,10-01
2591,3718309-03,Wake,09-03
2592,3718309-02,Wake,09-02
2593,3718309-01,Wake,09-01
2594,3718308-11,Wake,08-11
2595,3718308-10,Wake,08-10
2596,3718308-09,Wake,08-09
2597,3718308-08,Wake,08-08
2598,3718308-07,Wake,08-07
2599,3718308-06,Wake,08-06
2600,3718301-32,Wake,01-32
2601,3718301-31,Wake,01-31
2602,3718301-30,Wake,01-30
2603,3718301-29,Wake,01-29
2604,3718301-28,Wake,01-28
2605,3718301-27,Wake,01-27
2606,37031MARS,Carteret,MARS
2607,37031NPT1,Carteret,NPT1
2608,37031NPT2,Carteret,NPT2
2609,37031HAIS,Carteret,HAIS
2610,37031IBSP,Carteret,IBSP
2611,37031MHD4,Carteret,MHD4
2612,37031OTST,Carteret,OTST
2613,37031BFT1,Carteret,BFT1
2614,37031CCCP,Carteret,CCCP
2615,37031PELE,Carteret,PELE
2616,37031BFT2,Carteret,BFT2
2617,37031MHD1,Carteret,MHD1
2618,37031WILD,Carteret,WILD
2619,37031BOGU,Carteret,BOGU
2620,37031MCRK,Carteret,MCRK
2621,37031MHD2,Carteret,MHD2
2622,37031ABCH,Carteret,ABCH
2623,37031BCRK,Carteret,BCRK
2624,37031EMIS,Carteret,EMIS
2625,37031SMYR,Carteret,SMYR
2626,37031CDIS,Carteret,CDIS
2627,37031SLVL,Carteret,SLVL
2628,37031STAC,Carteret,STAC
2629,37031BETT,Carteret,BETT
2630,37031HARL,Carteret,HARL
2631,37031WIRE,Carteret,WIRE
2632,37031MHD3,Carteret,MHD3
2633,37031PKNL,Carteret,PKNL
2634,37031DAVI,Carteret,DAVI
2635,37031NRIV,Carteret,NRIV
2636,37031STEL,Carteret,STEL
2637,37031MERR,Carteret,MERR
2638,37031ATLN,Carteret,ATLN
2639,37031WILL,Carteret,WILL
2640,37051CC34,Cumberland,CC34
2641,37051CC18,Cumberland,CC18
2642,37051CU02,Cumberland,CU02
2643,37051G4,Cumberland,G4
2644,37051G8,Cumberland,G8
2645,37051CC06,Cumberland,CC06
2646,37051CC13,Cumberland,CC13
2647,37051CC16,Cumberland,CC16
2648,37051CC12,Cumberland,CC12
2649,37051CC15,Cumberland,CC15
2650,37051CC10,Cumberland,CC10
2651,37051CC07,Cumberland,CC07
2652,37051CC08,Cumberland,CC08
2653,37051CC04,Cumberland,CC04
2654,37051CC05,Cumberland,CC05
2655,37051CC19,Cumberland,CC19
2656,37051G9,Cumberland,G9
2657,37051G6,Cumberland,G6
2658,37051AL51,Cumberland,AL51
2659,37051AH49,Cumberland,AH49
2660,37051G10,Cumberland,G10
2661,37051EO61-1,Cumberland,EO61-1
2662,37051EO61-2,Cumberland,EO61-2
2663,37051CC31,Cumberland,CC31
2664,37051G2,Cumberland,G2
2665,37051CL57,Cumberland,CL57
2666,37051CC01,Cumberland,CC01
2667,37051CC17,Cumberland,CC17
2668,37051CC26,Cumberland,CC26
2669,37051G11,Cumberland,G11
2670,37051LI65,Cumberland,LI65
2671,37051CC27,Cumberland,CC27
2672,37051G3,Cumberland,G3
2673,37051MR02,Cumberland,MR02
2674,37051SH77,Cumberland,SH77
2675,37051G1,Cumberland,G1
2676,37051CC14,Cumberland,CC14
2677,37051CC21,Cumberland,CC21
2678,37051G7,Cumberland,G7
2679,37051CC25,Cumberland,CC25
2680,37051CC03,Cumberland,CC03
2681,37051CC33,Cumberland,CC33
2682,37051CC32,Cumberland,CC32
2683,37051LR63,Cumberland,LR63
2684,37051MB62,Cumberland,MB62
2685,37051CC24,Cumberland,CC24
2686,37051CC29,Cumberland,CC29
2687,37051G5,Cumberland,G5
2688,37173ALARKA,Swain,ALARKA
2689,37173BC2,Swain,BC2
2690,37173BC1,Swain,BC1
2691,37173WHCH,Swain,WHCH
