,number,GEOID10,NAME10,CD
0,0,37149WO06,WO06,3710
1,1,37149SA04,SA04,3710
2,2,37149TR123,TR123,3710
3,3,37149CL07,CL07,3710
4,4,37149GC09,GC09,3710
5,5,37149CG05,CG05,3710
6,6,37149CL08,CL08,3710
7,7,3715916,16,3708
8,8,3715920,20,3708
9,9,3715944,44,3708
10,10,3715909,09,3708
11,11,3715945,45,3713
12,12,3715903,03,3708
13,13,3715913,13,3708
14,14,3715914,14,3708
15,15,3715946,46,3708
16,16,3715907,07,3713
17,17,3715941,41,3713
18,18,37097CS,CS,3713
19,19,37097BA,BA,3713
20,20,37097CC3,CC3,3713
21,21,37015C2,C2,3701
22,22,37015M1,M1,3701
23,23,37015C1,C1,3701
24,24,37015MH,MH,3701
25,25,37015W2,W2,3701
26,26,37015W1,W1,3701
27,27,37015M2,M2,3701
28,28,37015SN,SN,3701
29,29,3718903,03,3705
30,30,3718904,04,3705
31,31,3718913,13,3705
32,32,3718917,17,3705
33,33,3718909,09,3705
34,34,3718912,12,3705
35,35,3718905,05,3705
36,36,3718915,15,3705
37,37,3718920,20,3705
38,38,3718919,19,3705
39,39,3718914,14,3705
40,40,3718907,07,3705
41,41,3718918,18,3705
42,42,3718910,10,3705
43,43,3718911,11,3705
44,44,3718901,01,3705
45,45,3718908,08,3705
46,46,3718902,02,3705
47,47,3718916,16,3705
48,48,3718906,06,3705
49,49,3701112,12,3705
50,50,3701101,01,3705
51,51,3701103,03,3705
52,52,3701102,02,3705
53,53,37033PELH,PELH,3706
54,54,37033LOCU,LOCU,3706
55,55,37033PROVI,PROVI,3706
56,56,37033STON,STON,3706
57,57,37033YAN2,YAN2,3706
58,58,3701105,05,3705
59,59,3701109,09,3705
60,60,3701118,18,3705
61,61,3701119,19,3705
62,62,3701110,10,3705
63,63,3701104,04,3705
64,64,3701117,17,3705
65,65,37033YAN4,YAN4,3706
66,66,37033MILT,MILT,3706
67,67,37033LEAS,LEAS,3706
68,68,37033HIGH,HIGH,3706
69,69,37033PROS,PROS,3706
70,70,37033ANDE,ANDE,3706
71,71,37015WH,WH,3701
72,72,37015WD,WD,3701
73,73,37015RX,RX,3701
74,74,37015IW,IW,3701
75,75,3701106,06,3705
76,76,3701108,08,3705
77,77,3701114,14,3705
78,78,3701113,13,3705
79,79,3701116,16,3705
80,80,3701115,15,3705
81,81,3701107,07,3705
82,82,3701111,11,3705
83,83,3709362,62,3708
84,84,3709301,01,3708
85,85,3709302,02,3708
86,86,3709363,63,3708
87,87,3709306,06,3708
88,88,3709305,05,3708
89,89,3709313,13,3708
90,90,3709312,12,3708
91,91,3709303,03,3708
92,92,3709361,61,3708
93,93,3709365,65,3708
94,94,3709364,64,3708
95,95,3709304,04,3708
96,96,3715932,32,3713
97,97,3715925,25,3708
98,98,3715927,27,3713
99,99,3715911,11,3713
100,100,3715910,10,3708
101,101,3715933,33,3708
102,102,3715917,17,3708
103,103,3715921,21,3713
104,104,3715902,02,3708
105,105,3715924,24,3713
106,106,3715930,30,3708
107,107,3715904,04,3708
108,108,3715929,29,3713
109,109,3715934,34,3713
110,110,3715908,08,3708
111,111,3715931,31,3708
112,112,3715915,15,3708
113,113,3715923,23,3708
114,114,3715919,19,3708
115,115,3715905,05,3708
116,116,3715936,36,3713
117,117,3715918,18,3708
118,118,3715926,26,3708
119,119,3715922,22,3708
120,120,3715901,01,3708
121,121,3715938,38,3713
122,122,3715942,42,3713
123,123,3715906,06,3708
124,124,3715939,39,3713
125,125,3715912,12,3713
126,126,3715928,28,3708
127,127,3715935,35,3713
128,128,3715940,40,3713
129,129,37101PR26,PR26,3707
130,130,37101PR24,PR24,3702
131,131,37101PR20,PR20,3702
132,132,37101PR09,PR09,3702
133,133,37101PR01,PR01,3707
134,134,37101PR22,PR22,3707
135,135,37101PR21,PR21,3702
136,136,37101PR25,PR25,3702
137,137,37101PR27,PR27,3702
138,138,37101PR28,PR28,3702
139,139,37101PR10,PR10,3702
140,140,37101PR19,PR19,3702
141,141,37101PR12,PR12,3702
142,142,37101PR13,PR13,3707
143,143,37101PR30,PR30,3702
144,144,37101PR06,PR06,3707
145,145,37101PR08,PR08,3707
146,146,37101PR05,PR05,3702
147,147,37101PR14,PR14,3707
148,148,37101PR16,PR16,3707
149,149,37101PR15,PR15,3707
150,150,37101PR02,PR02,3707
151,151,37101PR07,PR07,3707
152,152,37101PR04,PR04,3707
153,153,37101PR18,PR18,3707
154,154,37101PR29A,PR29A,3702
155,155,37101PR32,PR32,3702
156,156,37101PR29B,PR29B,3702
157,157,37101PR34,PR34,3702
158,158,37101PR11B,PR11B,3702
159,159,37101PR31B,PR31B,3702
160,160,37101PR31A,PR31A,3702
161,161,37101PR23,PR23,3707
162,162,37101PR33,PR33,3707
163,163,37101PR03,PR03,3707
164,164,37101PR17,PR17,3707
165,165,37101PR11A,PR11A,3702
166,166,37017P201,P201,3709
167,167,37017P10,P10,3709
168,168,37017P202,P202,3709
169,169,37017P40,P40,3709
170,170,37017P25,P25,3707
171,171,37017P30,P30,3707
172,172,37017P75,P75,3707
173,173,37017P60,P60,3709
174,174,37017P45,P45,3709
175,175,37017P80,P80,3709
176,176,37017P70,P70,3709
177,177,37017P15,P15,3709
178,178,37017P35,P35,3709
179,179,37017P501,P501,3709
180,180,37017P502,P502,3707
181,181,37017P65,P65,3707
182,182,37017P55,P55,3707
183,183,37087BC,BC,3711
184,184,37087CL-N,CL-N,3711
185,185,37087IH,IH,3711
186,186,37087ID,ID,3711
187,187,37087BE-2,BE-2,3711
188,188,37087JC,JC,3711
189,189,37087WS-2,WS-2,3711
190,190,37087WS-1,WS-1,3711
191,191,37087WO,WO,3711
192,192,37087WW,WW,3711
193,193,37087LJ,LJ,3711
194,194,37087AC,AC,3711
195,195,37087PC,PC,3711
196,196,37087BE-1,BE-1,3711
197,197,37087P,P,3711
198,198,37087FC-1,FC-1,3711
199,199,37087EF,EF,3711
200,200,37087CL-S,CL-S,3711
201,201,37087WE,WE,3711
202,202,37087BE56,BE56,3711
203,203,37087CE,CE,3711
204,204,37087BE-3,BE-3,3711
205,205,37087BE-7,BE-7,3711
206,206,37087HA,HA,3711
207,207,37087SA,SA,3711
208,208,37083BUTWD,BUTWD,3701
209,209,37083CONC,CONC,3701
210,210,37083ENF-1,ENF 1,3701
211,211,37083ENF-2,ENF 2,3701
212,212,37083ENF-3,ENF 3,3701
213,213,37083FAUCT,FAUCT,3701
214,214,37083HAL,HAL,3701
215,215,37083HOL,HOL,3701
216,216,37083LIT-1,LIT 1,3701
217,217,37083LIT-2,LIT 2,3701
218,218,37083RINGW,RINGW,3701
219,219,37083ROSEN,ROSEN,3701
220,220,37083RR-1,RR 1,3701
221,221,37083RR-10,RR 10,3701
222,222,37083RR-11,RR 11,3701
223,223,37083RR-2,RR 2,3701
224,224,37083RR-3,RR 3,3701
225,225,37083RR-4,RR 4,3701
226,226,37079BULL,BULL,3703
227,227,37079SHIN,SHIN,3703
228,228,37079WALS,WALS,3703
229,229,37079CAST,CAST,3703
230,230,37079BEAR,BEAR,3703
231,231,37079MAUR,MAUR,3703
232,232,37079SH1,SH1,3703
233,233,37079SUGG,SUGG,3703
234,234,37079ARBA,ARBA,3703
235,235,37079HOOK,HOOK,3703
236,236,37083RR-5,RR 5,3701
237,237,37083RR-6,RR 6,3701
238,238,37083RR-7,RR 7,3701
239,239,37083RR-8,RR 8,3701
240,240,37083RR-9,RR 9,3701
241,241,37083SN-1,SN 1,3701
242,242,37083SN-2,SN 2,3701
243,243,37083WEL-1,WEL 1,3701
244,244,37083WEL-2,WEL 2,3701
245,245,37083WEL-3,WEL 3,3701
246,246,37083HOB,HOB,3701
247,247,37083PAL,PAL,3701
248,248,37087CR,CR,3711
249,249,37087BE-4,BE-4,3711
250,250,37087WC,WC,3711
251,251,37087FC-2,FC-2,3711
252,252,37043BRAS,BRAS,3711
253,253,37043WARN,WARN,3711
254,254,37043HAY2,HAY2,3711
255,255,37043HIAW,HIAW,3711
256,256,37043SHCR,SHCR,3711
257,257,37043TUSQ,TUSQ,3711
258,258,37043SWEE,SWEE,3711
259,259,37043HAY1,HAY1,3711
260,260,37043HAYC,HAYC,3711
261,261,37029SM,SM,3703
262,262,37029SH,SH,3703
263,263,37029CH,CH,3703
264,264,37053CI,CI,3703
265,265,37053GW,GW,3703
266,266,37053PP,PP,3703
267,267,37053WH,WH,3703
268,268,3704910,10,3703
269,269,3704912,12,3703
270,270,3704921,21,3703
271,271,37053KI,KI,3703
272,272,37053CH,CH,3703
273,273,37053PB,PB,3703
274,274,37053CJ,CJ,3703
275,275,37053CB,CB,3703
276,276,37053IR,IR,3703
277,277,37053MY,MY,3703
278,278,3704909,09,3703
279,279,3704915,15,3703
280,280,3704913,13,3703
281,281,3704914,14,3703
282,282,37049N4,N4,3703
283,283,3704907,07,3703
284,284,37049N2,N2,3703
285,285,3704905,05,3703
286,286,3704920,20,3703
287,287,3704903,03,3703
288,288,3704906,06,3703
289,289,3704923,23,3703
290,290,3704904,04,3703
291,291,3704908,08,3703
292,292,37049N1,N1,3703
293,293,37049N3,N3,3703
294,294,3704917,17,3703
295,295,37049N5,N5,3703
296,296,3704919,19,3703
297,297,3704922,22,3703
298,298,3704911,11,3703
299,299,37049N6,N6,3703
300,300,3704916,16,3703
301,301,3704918,18,3703
302,302,37075TAPO,TAPO,3711
303,303,37075STEC,STEC,3711
304,304,37075WEST,WEST,3711
305,305,37075EAST,EAST,3711
306,306,3706350,50,3701
307,307,3706313,13,3701
308,308,3706322,22,3701
309,309,3706353-2,53-2,3704
310,310,3706339,39,3701
311,311,3706343,43,3701
312,312,3706324,24,3701
313,313,3706346,46,3701
314,314,3706306,06,3701
315,315,3717120,20,3705
316,316,3717122,22,3705
317,317,3717119,19,3705
318,318,3717107,07,3705
319,319,3717126,26,3705
320,320,3717133,33,3705
321,321,3717101,01,3705
322,322,3717116,16,3705
323,323,3717123,23,3705
324,324,3717124,24,3705
325,325,3717111,11,3705
326,326,3717106,06,3705
327,327,3717103,03,3705
328,328,3717127,27,3705
329,329,3717112,12,3705
330,330,3717128,28,3705
331,331,3706319,19,3701
332,332,3706344,44,3701
333,333,3706323,23,3701
334,334,3706317,17,3701
335,335,3706337,37,3701
336,336,3706338,38,3701
337,337,3717105,05,3705
338,338,3717118,18,3705
339,339,3717109,09,3705
340,340,3706345,45,3701
341,341,3706325,25,3701
342,342,3706307,07,3701
343,343,3706308,08,3701
344,344,3706330-2,30-2,3701
345,345,3706332,32,3701
346,346,3706329,29,3701
347,347,3706305,05,3701
348,348,3706326,26,3701
349,349,3706302,02,3701
350,350,3706348,48,3701
351,351,3706352,52,3701
352,352,3706318,18,3701
353,353,3706335,35,3704
354,354,3706347,47,3701
355,355,3706333,33,3704
356,356,37085PR20,PR20,3702
357,357,37085PR24,PR24,3702
358,358,37085PR23,PR23,3702
359,359,37085PR25,PR25,3702
360,360,37085PR29,PR29,3702
361,361,37085PR01,PR01,3702
362,362,37085PR08,PR08,3702
363,363,37085PR26,PR26,3702
364,364,37085PR17,PR17,3702
365,365,37085PR16,PR16,3702
366,366,37085PR27,PR27,3702
367,367,37085PR07,PR07,3702
368,368,37085PR28,PR28,3702
369,369,3706353-1,53-1,3704
370,370,3706330-1,30-1,3701
371,371,3706331,31,3701
372,372,3706351,51,3701
373,373,3706327,27,3701
374,374,3706340,40,3701
375,375,3706354,54,3701
376,376,3706316,16,3701
377,377,3706312,12,3701
378,378,3706342,42,3701
379,379,3706341,41,3701
380,380,3706355,55,3701
381,381,3706314,14,3701
382,382,3706315,15,3701
383,383,3706301,01,3701
384,384,3706320,20,3701
385,385,3706321,21,3701
386,386,3706310,10,3701
387,387,3706304,04,3701
388,388,3706303,03,3701
389,389,3717110,10,3705
390,390,3717117,17,3705
391,391,3717104,04,3705
392,392,3717108,08,3705
393,393,3717125,25,3705
394,394,3706309,09,3701
395,395,3706334,34,3701
396,396,3706328,28,3701
397,397,3706336,36,3701
398,398,3717113,13,3705
399,399,3717102,02,3705
400,400,3717114,14,3705
401,401,3717121,21,3705
402,402,3717115,15,3705
403,403,371270002,0002,3702
404,404,371270032,0032,3702
405,405,371270034,0034,3702
406,406,371270011,0011,3702
407,407,371270006,0006,3702
408,408,371270001,0001,3702
409,409,3703521,21,3710
410,410,3703520,20,3710
411,411,3703522,22,3710
412,412,3703506,06,3710
413,413,3703517,17,3710
414,414,3703526,26,3710
415,415,3703519,19,3710
416,416,3703507,07,3710
417,417,3703515,15,3710
418,418,3703533,33,3710
419,419,3703529,29,3705
420,420,3703535,35,3710
421,421,3703537,37,3710
422,422,3703532,32,3710
423,423,3703527,27,3710
424,424,3703523,23,3710
425,425,37047P21,P21,3707
426,426,37047P17,P17,3707
427,427,37047P16,P16,3707
428,428,37047P01,P01,3707
429,429,37047P06,P06,3707
430,430,37047P08,P08,3707
431,431,37047P24,P24,3707
432,432,37047P26,P26,3707
433,433,3703539,39,3705
434,434,3703503,03,3710
435,435,3703524,24,3710
436,436,3703538,38,3705
437,437,3703516,16,3710
438,438,3703502,02,3710
439,439,3703525,25,3710
440,440,3703540,40,3710
441,441,3703534,34,3710
442,442,3703508,08,3710
443,443,3703513,13,3710
444,444,3703528,28,3710
445,445,3703541,41,3710
446,446,37047P19,P19,3707
447,447,37047P11,P11,3707
448,448,37047P13,P13,3707
449,449,37047P05,P05,3707
450,450,37047P10,P10,3707
451,451,3703512,12,3710
452,452,3703501,01,3710
453,453,3703510,10,3710
454,454,37047P04,P04,3707
455,455,37047P03,P03,3707
456,456,37047P15,P15,3707
457,457,3703514,14,3710
458,458,3703531,31,3710
459,459,3703504,04,3710
460,460,3703509,09,3710
461,461,3703536,36,3710
462,462,3703511,11,3710
463,463,37047P09,P09,3707
464,464,37047P20,P20,3707
465,465,37047P22,P22,3707
466,466,37047P07,P07,3707
467,467,37047P18,P18,3707
468,468,37047P23,P23,3707
469,469,37047P14,P14,3707
470,470,37047P25,P25,3707
471,471,37047P02,P02,3707
472,472,37047P12,P12,3707
473,473,3703530,30,3710
474,474,3703505,05,3710
475,475,371374VM,4VM,3703
476,476,371375AP,5AP,3703
477,477,37061BEUL,BEUL,3707
478,478,37061HALL,HALL,3707
479,479,37061CHAR,CHAR,3707
480,480,37061CFRK,CFRK,3707
481,481,37061KENA,KENA,3707
482,482,37061ROCK,ROCK,3707
483,483,37061CYRK,CYRK,3707
484,484,371270041,0041,3702
485,485,371270007,0007,3702
486,486,37061FAIS,FAIS,3707
487,487,37061WARS,WARS,3707
488,488,37061WALL,WALL,3707
489,489,371372OT,2OT,3703
490,490,371374HB,4HB,3703
491,491,371371RB,1RB,3703
492,492,371371AL,1AL,3703
493,493,371373BY,3BY,3703
494,494,371372SW,2SW,3703
495,495,37061CHIN,CHIN,3707
496,496,37061MAGN,MAGN,3707
497,497,37061ALBE,ALBE,3707
498,498,371270022,0022,3702
499,499,37061LOCK,LOCK,3707
500,500,37061CALY,CALY,3707
501,501,37061ROSE,ROSE,3707
502,502,371270021,0021,3702
503,503,37061SMCA,SMCA,3707
504,504,37061GLIS,GLIS,3707
505,505,37061WOLF,WOLF,3707
506,506,371270005,0005,3702
507,507,371270039,0039,3702
508,508,371270026,0026,3702
509,509,371270036,0036,3702
510,510,371270003,0003,3702
511,511,371270031,0031,3702
512,512,371270038,0038,3702
513,513,371270015,0015,3702
514,514,371270035,0035,3702
515,515,371270040,0040,3702
516,516,371270025,0025,3702
517,517,371270012,0012,3702
518,518,371270004,0004,3702
519,519,371270008,0008,3702
520,520,371270033,0033,3702
521,521,371270037,0037,3702
522,522,37123ELD,ELD,3708
523,523,37123OPH,OPH,3708
524,524,37123UWH,UWH,3708
525,525,37123WAD,WAD,3708
526,526,37089BC,BC,3711
527,527,37089CC,CC,3711
528,528,37123LIT,LIT,3708
529,529,37123T2,T2,3708
530,530,37123MTG,MTG,3708
531,531,37123STA,STA,3708
532,532,37123BIS,BIS,3708
533,533,37123PEE,PEE,3708
534,534,37123T1,T1,3708
535,535,37123CHE,CHE,3708
536,536,37123CAN,CAN,3708
537,537,37123ROC,ROC,3708
538,538,37089AT,AT,3711
539,539,37089HC,HC,3711
540,540,37089SW,SW,3711
541,541,37089NE,NE,3711
542,542,37089NB,NB,3711
543,543,37089HV-2,HV-2,3711
544,544,37089MG,MG,3711
545,545,37089GM,GM,3711
546,546,37089EF,EF,3711
547,547,37089RR,RR,3711
548,548,37089AR,AR,3711
549,549,37089LP,LP,3711
550,550,37089PV,PV,3711
551,551,37089ES,ES,3711
552,552,37089HS,HS,3711
553,553,37089NW,NW,3711
554,554,37089LJ,LJ,3711
555,555,37089CB,CB,3711
556,556,37089SM,SM,3711
557,557,37089FR,FR,3711
558,558,37089EV,EV,3711
559,559,370411,1,3703
560,560,370413,3,3703
561,561,370416,6,3703
562,562,370412,2,3703
563,563,370414,4,3703
564,564,370415,5,3703
565,565,37089NM,NM,3711
566,566,37089PR,PR,3711
567,567,37089GR,GR,3711
568,568,37089BK,BK,3711
569,569,37089HV-1,HV-1,3711
570,570,37007POLK,POLK,3709
571,571,37007GULL,GULL,3709
572,572,37007ANS,ANS,3709
573,573,37007BURN,BURN,3709
574,574,37007MM,MM,3709
575,575,37007W3,W3,3709
576,576,37007W2,W2,3709
577,577,37007W1,W1,3709
578,578,37007LILE,LILE,3709
579,579,37007WS,WS,3709
580,580,37007PEAC,PEAC,3709
581,581,37089SE,SE,3711
582,582,37089RG,RG,3711
583,583,37089SB,SB,3711
584,584,37089ED,ED,3711
585,585,37089FL,FL,3711
586,586,37089HV-3,HV-3,3711
587,587,371471507B,1507B,3701
588,588,371470200A,0200A,3703
589,589,371471403A,1403A,3703
590,590,371471001,1001,3703
591,591,371470200B,0200B,3703
592,592,371470301,0301,3701
593,593,371471504,1504,3701
594,594,371471403B,1403B,3703
595,595,371471501,1501,3701
596,596,371470601,0601,3703
597,597,371470800A,0800A,3703
598,598,371471511B,1511B,3703
599,599,371470701,0701,3703
600,600,371471503,1503,3701
601,601,371470101,0101,3703
602,602,371471505B,1505B,3701
603,603,37039HOTH,HOTH,3711
604,604,37039HIWA,HIWA,3711
605,605,37039BEAV,BEAV,3711
606,606,37039HANG,HANG,3711
607,607,37039NOTL,NOTL,3711
608,608,37039BELL,BELL,3711
609,609,37039MURS,MURS,3711
610,610,37039PCHT,PCHT,3711
611,611,37039ANSW,ANSW,3711
612,612,37039ANNW,ANNW,3711
613,613,37039MURN,MURN,3711
614,614,37039MARB,MARB,3711
615,615,37039TOPT,TOPT,3711
616,616,37039BRAS,BRAS,3711
617,617,371471508A,1508A,3701
618,618,371471506,1506,3701
619,619,371471505A,1505A,3701
620,620,371471510B,1510B,3703
621,621,371471402A,1402A,3703
622,622,371471510A,1510A,3703
623,623,371471301,1301,3703
624,624,371471102A,1102A,3703
625,625,371471511A,1511A,3703
626,626,371471509,1509,3701
627,627,371471101,1101,3703
628,628,371470501,0501,3701
629,629,371470401,0401,3701
630,630,371470901,0901,3703
631,631,371470800B,0800B,3703
632,632,371471201,1201,3701
633,633,371471512B,1512B,3701
634,634,371471102B,1102B,3703
635,635,371471512A,1512A,3701
636,636,371471508B,1508B,3701
637,637,371471507,1507,3701
638,638,371471402B,1402B,3703
639,639,37175SW,SW,3711
640,640,37175BD,BD,3711
641,641,37175GL,GL,3711
642,642,37175PF,PF,3711
643,643,37175RE,RE,3711
644,644,37175CC,CC,3711
645,645,37175B3,B3,3711
646,646,37175B2,B2,3711
647,647,37175LR,LR,3711
648,648,37175B4,B4,3711
649,649,37175WC,WC,3711
650,650,37175B1,B1,3711
651,651,37175DR,DR,3711
652,652,37175CM,CM,3711
653,653,37175BG,BG,3711
654,654,37175LT,LT,3711
655,655,37175QB,QB,3711
656,656,37175EF,EF,3711
657,657,37129H03,H03,3707
658,658,37129W16,W16,3707
659,659,37141SH12,SH12,3707
660,660,37141LT18,LT18,3707
661,661,37109OG10,OG10,3710
662,662,37109HG17,HG17,3710
663,663,37109PC22,PC22,3710
664,664,37109DW28,DW28,3710
665,665,37109DN29,DN29,3710
666,666,37109OB21,OB21,3710
667,667,37109IS23,IS23,3710
668,668,37109TE27,TE27,3710
669,669,37109CF19,CF19,3710
670,670,3719123,23,3707
671,671,3719117,17,3707
672,672,3719126,26,3707
673,673,3719115,15,3707
674,674,3719127,27,3707
675,675,3719111,11,3707
676,676,3719128,28,3707
677,677,3719108,08,3707
678,678,3719103,03,3707
679,679,3719109,09,3707
680,680,37109LW18,LW18,3710
681,681,37109IS20,IS20,3710
682,682,37109LW31,LW31,3710
683,683,37109NB03,NB03,3710
684,684,37109WP32,WP32,3710
685,685,37109DV08,DV08,3710
686,686,37109LM16,LM16,3710
687,687,37109TR30,TR30,3710
688,688,37109NB09,NB09,3710
689,689,37109LN11,LN11,3710
690,690,37109HV07,HV07,3710
691,691,37109LS12,LS12,3710
692,692,37109LI14,LI14,3710
693,693,37109LS15,LS15,3710
694,694,37109SL24,SL24,3710
695,695,37109BC13,BC13,3710
696,696,37109CR06,CR06,3710
697,697,3719110,10,3707
698,698,3719114,14,3707
699,699,3719104,04,3707
700,700,3719102,02,3707
701,701,3719119,19,3707
702,702,3719101,01,3707
703,703,3719107,07,3707
704,704,3719116,16,3707
705,705,3719105,05,3707
706,706,3719124,24,3707
707,707,3719106,06,3707
708,708,3719122,22,3707
709,709,3719125,25,3707
710,710,3719121,21,3707
711,711,3719120,20,3707
712,712,3719118,18,3707
713,713,3719112,12,3707
714,714,37109BS26,BS26,3710
715,715,37109AS25,AS25,3710
716,716,371391-B,1-B,3703
717,717,37139SAL,SAL,3703
718,718,3719113,13,3707
719,719,3719129,29,3707
720,720,3719130,30,3707
721,721,371394-B,4-B,3703
722,722,371392-A,2-A,3703
723,723,37139NIX,NIX,3703
724,724,37139MH,MH,3703
725,725,37139NEW,NEW,3703
726,726,371394-A,4-A,3703
727,727,371393-B,3-B,3703
728,728,371393-A,3-A,3703
729,729,371391-A,1-A,3703
730,730,371392-B,2-B,3703
731,731,37139PRO,PRO,3703
732,732,37193107,107,3705
733,733,37193125,125,3705
734,734,37193124,124,3705
735,735,37193119,119,3705
736,736,37193127,127,3705
737,737,37129CF02,CF02,3707
738,738,37129FP03,FP03,3707
739,739,37129FP02,FP02,3707
740,740,37129CF01,CF01,3707
741,741,37129W30,W30,3707
742,742,37129M03,M03,3707
743,743,37129H07,H07,3707
744,744,37129H09,H09,3707
745,745,37193123,123,3705
746,746,37193105,105,3705
747,747,37193106,106,3705
748,748,37193118,118,3705
749,749,37193108,108,3705
750,750,37193128,128,3705
751,751,37193126,126,3705
752,752,37193117,117,3705
753,753,37193101,101,3705
754,754,37193122,122,3705
755,755,37193114,114,3705
756,756,37193110,110,3705
757,757,37193113,113,3705
758,758,37193111,111,3705
759,759,37193120,120,3705
760,760,37193115A,115A,3705
761,761,37193121,121,3705
762,762,37193102,102,3705
763,763,37193112,112,3705
764,764,37193129,129,3705
765,765,37193104,104,3705
766,766,37129WB,WB,3707
767,767,37129FP01,FP01,3707
768,768,37129M04,M04,3707
769,769,37129FP04,FP04,3707
770,770,37193103,103,3705
771,771,37193109,109,3705
772,772,37129W17,W17,3707
773,773,37129M02,M02,3707
774,774,37129M05,M05,3707
775,775,37129FP05,FP05,3707
776,776,37129CF03,CF03,3707
777,777,37129H06,H06,3707
778,778,37129W25,W25,3707
779,779,37129W08,W08,3707
780,780,37129W15,W15,3707
781,781,37129W29,W29,3707
782,782,37129W27,W27,3707
783,783,37129W03,W03,3707
784,784,37129W26,W26,3707
785,785,3718512,12,3701
786,786,37129W31,W31,3707
787,787,37129H01,H01,3707
788,788,37129H04,H04,3707
789,789,37129W12,W12,3707
790,790,37129H08,H08,3707
791,791,371851,1,3701
792,792,371852,2,3701
793,793,371859,9,3701
794,794,371853,3,3701
795,795,371858,8,3701
796,796,371855,5,3701
797,797,371854,4,3701
798,798,3718514,14,3701
799,799,3718513,13,3701
800,800,371856,6,3701
801,801,37129W28,W28,3707
802,802,37129H02,H02,3707
803,803,37129W13,W13,3707
804,804,37129H05,H05,3707
805,805,3718510,10,3701
806,806,371857,7,3701
807,807,3718511,11,3701
808,808,37129W24,W24,3707
809,809,37129W18,W18,3707
810,810,37129W21,W21,3707
811,811,37081CG1,CG1,3706
812,812,37081H17,H17,3713
813,813,37081G08,G08,3706
814,814,37081STOK,STOK,3706
815,815,37081G12,G12,3713
816,816,37081JEF2,JEF2,3706
817,817,37081G13,G13,3713
818,818,37081H20A,H20A,3713
819,819,37081JAM1,JAM1,3713
820,820,37081H20B,H20B,3713
821,821,37081SF2,SF2,3706
822,822,37081G11,G11,3713
823,823,37081G16,G16,3713
824,824,37081G01,G01,3713
825,825,37081G72,G72,3706
826,826,37081G68,G68,3706
827,827,37081SUM1,SUM1,3713
828,828,37081GR,GR,3706
829,829,37081H21,H21,3713
830,830,37081NCGR2,NCGR2,3706
831,831,37081MON3,MON3,3706
832,832,37081NMAD,NMAD,3706
833,833,37081NWASH,NWASH,3706
834,834,37081OR1,OR1,3706
835,835,37081SF1,SF1,3706
836,836,37081NCGR1,NCGR1,3706
837,837,37081OR2,OR2,3706
838,838,37081MON2,MON2,3706
839,839,37081SWASH,SWASH,3706
840,840,37081SF4,SF4,3706
841,841,37081SMAD,SMAD,3706
842,842,37081SF3,SF3,3706
843,843,37081G37,G37,3713
844,844,37081G15,G15,3713
845,845,37081G67,G67,3713
846,846,37081G14,G14,3713
847,847,37081H22,H22,3713
848,848,37081JAM4,JAM4,3713
849,849,37081SUM2,SUM2,3713
850,850,37081H18,H18,3713
851,851,37081H19B,H19B,3713
852,852,37081CG2,CG2,3706
853,853,37081CG3B,CG3B,3706
854,854,37081G49,G49,3713
855,855,37081G71,G71,3706
856,856,37081H15,H15,3713
857,857,37081H19A,H19A,3713
858,858,37099CAN,CAN,3711
859,859,37099GCK,GCK,3711
860,860,37099CUL,CUL,3711
861,861,37099SYLDIL,SYLDIL,3711
862,862,37099SAV,SAV,3711
863,863,37099WEB,WEB,3711
864,864,37099CFK,CFK,3711
865,865,37099RIV,RIV,3711
866,866,37099ALLSC,ALLSC,3711
867,867,37099BCK,BCK,3711
868,868,37099HAMMNT,HAMMNT,3711
869,869,37099CAS,CAS,3711
870,870,37099QUA,QUA,3711
871,871,37081CG3A,CG3A,3706
872,872,37081G27,G27,3706
873,873,37081JEF1,JEF1,3706
874,874,37081MON1,MON1,3706
875,875,37081G63,G63,3713
876,876,37081G45,G45,3713
877,877,37081G44,G44,3713
878,878,37081G70,G70,3713
879,879,37081G69,G69,3713
880,880,37081PG1,PG1,3713
881,881,37081G28,G28,3706
882,882,37081G26,G26,3706
883,883,37081NDRI,NDRI,3713
884,884,37081G10,G10,3706
885,885,37081FR5,FR5,3713
886,886,37081G09,G09,3706
887,887,37081G48,G48,3713
888,888,37081HP,HP,3713
889,889,37081G46,G46,3713
890,890,37081G47,G47,3713
891,891,37081SUM3,SUM3,3713
892,892,37081H16,H16,3713
893,893,37081FR3,FR3,3713
894,894,37081G40A2,G40A2,3706
895,895,37081FR4,FR4,3713
896,896,37081G25,G25,3706
897,897,37081G74,G74,3713
898,898,37081G51,G51,3713
899,899,37081H10,H10,3713
900,900,37081H06,H06,3713
901,901,37081H11,H11,3713
902,902,37081G29,G29,3706
903,903,37081G40B,G40B,3713
904,904,37081G21,G21,3713
905,905,37081G40A1,G40A1,3713
906,906,37081RC1,RC1,3706
907,907,37081G50,G50,3713
908,908,37081FR2,FR2,3713
909,909,37081JEF4,JEF4,3706
910,910,37081H05,H05,3713
911,911,37081H12,H12,3713
912,912,37081H14,H14,3713
913,913,37081JAM5,JAM5,3713
914,914,37081G30,G30,3713
915,915,37081G24,G24,3706
916,916,37081GIB,GIB,3706
917,917,37081G22,G22,3713
918,918,37081G73,G73,3713
919,919,37081JEF3,JEF3,3706
920,920,37081G62,G62,3713
921,921,37081FR1,FR1,3713
922,922,37081H09,H09,3713
923,923,37081H13,H13,3713
924,924,37081PG2,PG2,3713
925,925,37081G41,G41,3713
926,926,37081G06,G06,3706
927,927,37081G23,G23,3713
928,928,37081G32,G32,3713
929,929,37081G07,G07,3706
930,930,37081H25,H25,3713
931,931,37081H27,H27,3713
932,932,37081G61,G61,3713
933,933,37081H07,H07,3713
934,934,37081SCLAY,SCLAY,3706
935,935,37081G31,G31,3713
936,936,37081G20,G20,3713
937,937,37081G03,G03,3706
938,938,37081G52,G52,3713
939,939,37081G60,G60,3713
940,940,37081G58,G58,3713
941,941,37081G75,G75,3713
942,942,37081H24,H24,3713
943,943,37081SUM4,SUM4,3713
944,944,37081H08,H08,3713
945,945,37081H02,H02,3713
946,946,37081G05,G05,3706
947,947,37081G64,G64,3713
948,948,37081G34,G34,3713
949,949,37081SDRI,SDRI,3713
950,950,37081G56,G56,3713
951,951,37081G66,G66,3713
952,952,37081G65,G65,3713
953,953,37081G53,G53,3713
954,954,37081H03,H03,3713
955,955,37081H04,H04,3713
956,956,37081H01,H01,3713
957,957,37081G33,G33,3713
958,958,37081G39,G39,3713
959,959,37081G02,G02,3706
960,960,37081G54,G54,3713
961,961,37081JAM3,JAM3,3713
962,962,37081H26,H26,3713
963,963,37081G19,G19,3713
964,964,37081G42,G42,3713
965,965,37081G18,G18,3713
966,966,37081G59,G59,3713
967,967,37081FEN1,FEN1,3713
968,968,37081G57,G57,3713
969,969,37081G17,G17,3713
970,970,37081RC2,RC2,3706
971,971,37081G04,G04,3706
972,972,37081G36,G36,3713
973,973,37081G38,G38,3713
974,974,37081JAM2,JAM2,3713
975,975,37081H23,H23,3713
976,976,37081G35,G35,3713
977,977,37081G43,G43,3713
978,978,37081FEN2,FEN2,3713
979,979,37081G55,G55,3713
980,980,37081NCLAY1,NCLAY1,3713
981,981,37081NCLAY2,NCLAY2,3706
982,982,37067201,201,3705
983,983,37067112,112,3705
984,984,37067603,603,3705
985,985,37163CLEA,CLEA,3707
986,986,37163AUTR,AUTR,3707
987,987,37163ROSE,ROSE,3707
988,988,37163TURK,TURK,3707
989,989,37163SBRG,SBRG,3707
990,990,37163WBRK,WBRK,3707
991,991,37163LAKE,LAKE,3707
992,992,37163GARL,GARL,3707
993,993,37163CLCE,CLCE,3707
994,994,37163KFRK,KFRK,3707
995,995,37163CLNE,CLNE,3707
996,996,37163PLVW,PLVW,3707
997,997,37163CLSW,CLSW,3707
998,998,37163CLWE,CLWE,3707
999,999,37163KEEN,KEEN,3707
1000,1000,37163HARR,HARR,3707
1001,1001,37163INGO,INGO,3707
1002,1002,37163ROWA,ROWA,3707
1003,1003,37163NGRV,NGRV,3707
1004,1004,37163GIDD,GIDD,3707
1005,1005,37163MING,MING,3707
1006,1006,37163CLEM,CLEM,3707
1007,1007,37067805,805,3705
1008,1008,37067503,503,3705
1009,1009,37163HERR,HERR,3707
1010,1010,37067606,606,3705
1011,1011,37067068,068,3705
1012,1012,37067504,504,3705
1013,1013,37067405,405,3705
1014,1014,37067204,204,3705
1015,1015,37067306,306,3705
1016,1016,37067206,206,3705
1017,1017,37067605,605,3705
1018,1018,37067011,011,3705
1019,1019,37067065,065,3705
1020,1020,37067803,803,3705
1021,1021,37067802,802,3705
1022,1022,37067706,706,3705
1023,1023,37067901,901,3705
1024,1024,37067903,903,3705
1025,1025,37067907,907,3705
1026,1026,37067801,801,3705
1027,1027,37067122,122,3705
1028,1028,37067033,033,3705
1029,1029,37067083,083,3705
1030,1030,37067207,207,3705
1031,1031,37067064,064,3705
1032,1032,37067904,904,3705
1033,1033,37067111,111,3705
1034,1034,37067809,809,3705
1035,1035,37067807,807,3705
1036,1036,37067071,071,3705
1037,1037,37067052,052,3705
1038,1038,37067908,908,3705
1039,1039,37067501,501,3705
1040,1040,37067909,909,3705
1041,1041,37067123,123,3705
1042,1042,37067602,602,3705
1043,1043,37067906,906,3705
1044,1044,37067081,081,3705
1045,1045,37067034,034,3705
1046,1046,37067132,132,3705
1047,1047,37067072,072,3705
1048,1048,37067502,502,3705
1049,1049,37067062,062,3705
1050,1050,37067074,074,3705
1051,1051,37067015,015,3705
1052,1052,37067404,404,3705
1053,1053,37067131,131,3705
1054,1054,37067808,808,3705
1055,1055,37067075,075,3705
1056,1056,37067053,053,3705
1057,1057,37067705,705,3705
1058,1058,37067707,707,3705
1059,1059,37067101,101,3705
1060,1060,37067806,806,3705
1061,1061,37067701,701,3705
1062,1062,37067067,067,3705
1063,1063,37067073,073,3705
1064,1064,37067133,133,3705
1065,1065,37067051,051,3705
1066,1066,37067055,055,3705
1067,1067,37067054,054,3705
1068,1068,37067702,702,3705
1069,1069,37067905,905,3705
1070,1070,37067709,709,3705
1071,1071,37067031,031,3705
1072,1072,37067032,032,3705
1073,1073,37067092,092,3705
1074,1074,37067091,091,3705
1075,1075,37115SANDY,SANDY,3711
1076,1076,37115NORTH,NORTH,3711
1077,1077,37115LAUREL,LAUREL,3711
1078,1078,37115REVERE,REVERE,3711
1079,1079,37115GRAPEV,GRAPEV,3711
1080,1080,37115EBBS-C,EBBS-C,3711
1081,1081,37115MARS-H,MARS-H,3711
1082,1082,37115SOUTH,SOUTH,3711
1083,1083,37115WALNUT,WALNUT,3711
1084,1084,37115HOT-SP,HOT-SP,3711
1085,1085,37115SPRING,SPRING,3711
1086,1086,37115BEECH,BEECH,3711
1087,1087,37095BM,BM,3703
1088,1088,37095OCK,OCK,3703
1089,1089,37095ENG,ENG,3703
1090,1090,37095FF,FF,3703
1091,1091,37095SLAD,SLAD,3703
1092,1092,37095SQ,SQ,3703
1093,1093,37095LL,LL,3703
1094,1094,37117W,W,3701
1095,1095,37117J,J,3701
1096,1096,37117GR,GR,3701
1097,1097,37117GN,GN,3701
1098,1098,37117HM,HM,3701
1099,1099,37117W2,W2,3701
1100,1100,37117HS,HS,3701
1101,1101,37117R2,R2,3701
1102,1102,37117W1,W1,3701
1103,1103,37117PP,PP,3701
1104,1104,37117R1,R1,3701
1105,1105,37117CR,CR,3701
1106,1106,37117BG,BG,3701
1107,1107,37135NS,NS,3704
1108,1108,37135WD,WD,3704
1109,1109,37135EA,EA,3704
1110,1110,37135LC,LC,3704
1111,1111,37135CH,CH,3704
1112,1112,37135WC,WC,3704
1113,1113,37135CB,CB,3704
1114,1114,37135SM,SM,3704
1115,1115,37135KM,KM,3704
1116,1116,37135CX,CX,3704
1117,1117,37135HF,HF,3704
1118,1118,37135H,H,3704
1119,1119,37135CC,CC,3704
1120,1120,37135PA,PA,3704
1121,1121,37135SJ,SJ,3704
1122,1122,37135TO,TO,3704
1123,1123,37135CO,CO,3704
1124,1124,37135CP,CP,3704
1125,1125,37135ENO,ENO,3704
1126,1126,37135BC,BC,3704
1127,1127,37135TH,TH,3704
1128,1128,37135CF,CF,3704
1129,1129,37135DA,DA,3704
1130,1130,37135CS1,CS1,3704
1131,1131,37135CW,CW,3704
1132,1132,37135EF,EF,3704
1133,1133,37135WH,WH,3704
1134,1134,37135GL,GL,3704
1135,1135,37135RF,RF,3704
1136,1136,3700111,11,3706
1137,1137,3700110S,10S,3706
1138,1138,3700109S,09S,3706
1139,1139,3700110N,10N,3706
1140,1140,37135OW,OW,3704
1141,1141,37135LI,LI,3704
1142,1142,37135GR,GR,3704
1143,1143,37135OG,OG,3704
1144,1144,37135EH,EH,3704
1145,1145,37135ES,ES,3704
1146,1146,37135CA,CA,3704
1147,1147,37135CG,CG,3704
1148,1148,37135WW,WW,3704
1149,1149,37135NC,NC,3704
1150,1150,37135MF,MF,3704
1151,1151,37135BP,BP,3704
1152,1152,37135DM,DM,3704
1153,1153,37135GB,GB,3704
1154,1154,37077ANTI,ANTI,3701
1155,1155,37077SASS,SASS,3701
1156,1156,37077CRDL,CRDL,3701
1157,1157,37077SALM,SALM,3701
1158,1158,37077TYHO,TYHO,3701
1159,1159,37077WOEL,WOEL,3701
1160,1160,37077CORI,CORI,3701
1161,1161,37077SOOX,SOOX,3701
1162,1162,37077WILT,WILT,3701
1163,1163,37077CRDM,CRDM,3701
1164,1164,37077BTNR,BTNR,3701
1165,1165,37077MTEN,MTEN,3701
1166,1166,37077BERE,BERE,3701
1167,1167,37077OKHL,OKHL,3701
1168,1168,37077EAOX,EAOX,3701
1169,1169,37067301,301,3705
1170,1170,37067607,607,3705
1171,1171,37067043,043,3705
1172,1172,37067013,013,3705
1173,1173,37067601,601,3705
1174,1174,37067804,804,3705
1175,1175,37067708,708,3705
1176,1176,37067304,304,3705
1177,1177,37067014,014,3705
1178,1178,37067082,082,3705
1179,1179,37067061,061,3705
1180,1180,37067012,012,3705
1181,1181,37067066,066,3705
1182,1182,37067021,021,3705
1183,1183,37067401,401,3705
1184,1184,37067506,506,3705
1185,1185,37067402,402,3705
1186,1186,37067902,902,3705
1187,1187,37067203,203,3705
1188,1188,37067303,303,3705
1189,1189,37067205,205,3705
1190,1190,37067042,042,3705
1191,1191,37067703,703,3705
1192,1192,37067507,507,3705
1193,1193,37067403,403,3705
1194,1194,37067505,505,3705
1195,1195,37067302,302,3705
1196,1196,37067704,704,3705
1197,1197,37067063,063,3705
1198,1198,37067604,604,3705
1199,1199,37067305,305,3705
1200,1200,3715114,14,3706
1201,1201,3715117,17,3706
1202,1202,3715121,21,3706
1203,1203,3715122,22,3706
1204,1204,3715102,02,3706
1205,1205,3715107,07,3706
1206,1206,3715105,05,3706
1207,1207,3715108,08,3706
1208,1208,3715124,24,3706
1209,1209,3715120,20,3706
1210,1210,3715106,06,3706
1211,1211,3715134,34,3706
1212,1212,3715140,40,3706
1213,1213,3715118,18,3706
1214,1214,3715109,09,3706
1215,1215,3715116,16,3706
1216,1216,3715110,10,3706
1217,1217,3715137,37,3706
1218,1218,3715133,33,3706
1219,1219,3715132,32,3706
1220,1220,3715112,12,3706
1221,1221,3715111,11,3706
1222,1222,3715125,25,3706
1223,1223,3715131,31,3706
1224,1224,3715136,36,3706
1225,1225,3715126,26,3706
1226,1226,3715113,13,3706
1227,1227,3715139,39,3706
1228,1228,3715101,01,3706
1229,1229,3715135,35,3706
1230,1230,3715103,03,3706
1231,1231,3715115,15,3706
1232,1232,3715127,27,3706
1233,1233,3715119,19,3706
1234,1234,3715104,04,3706
1235,1235,3715128,28,3706
1236,1236,3715123,23,3706
1237,1237,3715129,29,3706
1238,1238,3715130,30,3706
1239,1239,3715138,38,3706
1240,1240,37107SH,SH,3703
1241,1241,37107SW,SW,3703
1242,1242,37107N,N,3703
1243,1243,37107K2,K2,3703
1244,1244,37107I,I,3703
1245,1245,37107T1,T1,3703
1246,1246,37107FC,FC,3703
1247,1247,37107MH,MH,3703
1248,1248,37107K7,K7,3703
1249,1249,37107K9,K9,3703
1250,1250,37107K1,K1,3703
1251,1251,37107K6,K6,3703
1252,1252,37107K4,K4,3703
1253,1253,37027PR07,PR07,3711
1254,1254,37027PR19,PR19,3711
1255,1255,37027PR02,PR02,3711
1256,1256,37027PR08,PR08,3711
1257,1257,37027PR17,PR17,3711
1258,1258,37107K8,K8,3703
1259,1259,37107K3,K3,3703
1260,1260,37107V,V,3703
1261,1261,37107C,C,3703
1262,1262,37107T2,T2,3703
1263,1263,37107W,W,3703
1264,1264,37027PR27,PR27,3711
1265,1265,37027PR18,PR18,3711
1266,1266,37027PR21,PR21,3711
1267,1267,37027PR12,PR12,3711
1268,1268,37027PR16,PR16,3711
1269,1269,37027PR24,PR24,3711
1270,1270,37027PR29,PR29,3711
1271,1271,37027PR25,PR25,3711
1272,1272,37027PR22,PR22,3711
1273,1273,37027PR06,PR06,3711
1274,1274,37027PR13,PR13,3711
1275,1275,37027PR15,PR15,3711
1276,1276,37027PR01,PR01,3711
1277,1277,37027PR05,PR05,3711
1278,1278,3706912,12,3702
1279,1279,3706911,11,3702
1280,1280,3706909,09,3702
1281,1281,37107K5,K5,3703
1282,1282,37107PH2,PH2,3703
1283,1283,37107PH1,PH1,3703
1284,1284,37027PR28,PR28,3711
1285,1285,37027PR23,PR23,3711
1286,1286,37027PR09,PR09,3711
1287,1287,37027PR14,PR14,3711
1288,1288,3706919,19,3702
1289,1289,3706903,03,3702
1290,1290,3706915,15,3702
1291,1291,3706902,02,3702
1292,1292,3706906,06,3702
1293,1293,3706901,01,3702
1294,1294,3706914,14,3702
1295,1295,3706907,07,3702
1296,1296,3706908,08,3702
1297,1297,3706913,13,3702
1298,1298,3706910,10,3702
1299,1299,3706918,18,3702
1300,1300,3706916,16,3702
1301,1301,3706905,05,3702
1302,1302,3706917,17,3702
1303,1303,3719904-RAM,04 RAM,3711
1304,1304,3719909-SOU,09 SOU,3711
1305,1305,3719910-PEN,10 PEN,3711
1306,1306,3719911-PRI,11 PRI,3711
1307,1307,3719901-BUR,01 BUR,3711
1308,1308,3719908-CRA,08 CRA,3711
1309,1309,3719902-CAN,02 CAN,3711
1310,1310,3719906-JAC,06 JAC,3711
1311,1311,3719907-BRU,07 BRU,3711
1312,1312,3719903-EGY,03 EGY,3711
1313,1313,3719905-GRE,05 GRE,3711
1314,1314,3700112E,12E,3706
1315,1315,3700112W,12W,3706
1316,1316,3700106N,06N,3706
1317,1317,37001126,126,3706
1318,1318,37001063,063,3706
1319,1319,3700106W,06W,3706
1320,1320,37001124,124,3706
1321,1321,370011210,1210,3706
1322,1322,3700103N,03N,3706
1323,1323,3700102,02,3706
1324,1324,3700106E,06E,3706
1325,1325,3700106S,06S,3706
1326,1326,3700112N,12N,3706
1327,1327,3700101,01,3706
1328,1328,37001125,125,3706
1329,1329,37001129,129,3706
1330,1330,3700103S,03S,3706
1331,1331,3700108S,08S,3706
1332,1332,3700108N,08N,3706
1333,1333,37001064,064,3706
1334,1334,37001128,128,3706
1335,1335,3700103W,03W,3706
1336,1336,37001103,103,3706
1337,1337,3700107,07,3706
1338,1338,3700112S,12S,3706
1339,1339,3700104,04,3706
1340,1340,3700105,05,3706
1341,1341,3700113,13,3706
1342,1342,37001035,035,3706
1343,1343,3700103C,03C,3706
1344,1344,3700109N,09N,3706
1345,1345,37001127,127,3706
1346,1346,37111N.COVE,N.COVE,3711
1347,1347,37111DYSART,DYSART,3711
1348,1348,37111GLENWD,GLENWD,3711
1349,1349,37111M.COVE,M.COVE,3711
1350,1350,37111MAR-5,MAR-5,3711
1351,1351,37111PLEASA,PLEASA,3711
1352,1352,37111FORT-1,FORT-1,3711
1353,1353,37111MAR-1,MAR-1,3711
1354,1354,37111MAR-4,MAR-4,3711
1355,1355,37111HIGGIN,HIGGIN,3711
1356,1356,37111MAR-3,MAR-3,3711
1357,1357,37111WEST-M,WEST-M,3711
1358,1358,37111CCREEK,CCREEK,3711
1359,1359,37111FORT-2,FORT-2,3711
1360,1360,37111MAR-2,MAR-2,3711
1361,1361,37111NEBO,NEBO,3711
1362,1362,37111T.COVE,T.COVE,3711
1363,1363,37037PIT113,PIT113,3706
1364,1364,3703715,15,3706
1365,1365,370376,6,3706
1366,1366,37037NWM117,NWM117,3706
1367,1367,3703778,78,3706
1368,1368,370379,9,3706
1369,1369,3703718,18,3706
1370,1370,3703745,45,3706
1371,1371,3703742,42,3706
1372,1372,37037MCH110,MCH110,3706
1373,1373,370373,3,3706
1374,1374,3703785,85,3706
1375,1375,3703724,24,3706
1376,1376,3703721,21,3706
1377,1377,37037ESC114,ESC114,3706
1378,1378,3703730,30,3706
1379,1379,3703720,20,3706
1380,1380,3703775,75,3706
1381,1381,37181WATK,WATK,3701
1382,1382,37181WH2,WH2,3701
1383,1383,37181SH1,SH1,3701
1384,1384,37181TWNS,TWNS,3701
1385,1385,37181MIDD,MIDD,3701
1386,1386,37181DABN,DABN,3701
1387,1387,37181SCRK,SCRK,3701
1388,1388,37181SH2,SH2,3701
1389,1389,37181EH1,EH1,3701
1390,1390,37181WMSB,WMSB,3701
1391,1391,37181NH2,NH2,3701
1392,1392,37181HTOP,HTOP,3701
1393,1393,37181NH1,NH1,3701
1394,1394,37181EH2,EH2,3701
1395,1395,37181WH1,WH1,3701
1396,1396,37181KITT,KITT,3701
1397,1397,370230029,0029,3711
1398,1398,370230018,0018,3711
1399,1399,370230001,0001,3711
1400,1400,370230051,0051,3711
1401,1401,370230021,0021,3711
1402,1402,370230040,0040,3711
1403,1403,370230062,0062,3711
1404,1404,370230013,0013,3711
1405,1405,370230019,0019,3711
1406,1406,370230020,0020,3711
1407,1407,370230052,0052,3711
1408,1408,370230066,0066,3711
1409,1409,370230034,0034,3711
1410,1410,370230022,0022,3711
1411,1411,370230047,0047,3711
1412,1412,370230048,0048,3711
1413,1413,370230036,0036,3711
1414,1414,370230038,0038,3711
1415,1415,370230031,0031,3711
1416,1416,370230035,0035,3711
1417,1417,370230024,0024,3711
1418,1418,370230015,0015,3711
1419,1419,370230039,0039,3711
1420,1420,370230011,0011,3711
1421,1421,370230053,0053,3711
1422,1422,370230064,0064,3711
1423,1423,370230070,0070,3711
1424,1424,370230003,0003,3711
1425,1425,370230014,0014,3711
1426,1426,370230012,0012,3711
1427,1427,370230065,0065,3711
1428,1428,371670008,0008,3708
1429,1429,371670013,0013,3708
1430,1430,371670007,0007,3708
1431,1431,371670023,0023,3708
1432,1432,371670028,0028,3708
1433,1433,371670012,0012,3708
1434,1434,371670015,0015,3708
1435,1435,371670017,0017,3708
1436,1436,371670019,0019,3708
1437,1437,371670010,0010,3708
1438,1438,371670018,0018,3708
1439,1439,371670020,0020,3708
1440,1440,371670024,0024,3708
1441,1441,3705901,01,3713
1442,1442,3705902,02,3713
1443,1443,3705903,03,3713
1444,1444,3705904,04,3713
1445,1445,3705905,05,3713
1446,1446,3705906,06,3713
1447,1447,3705907,07,3713
1448,1448,3705908,08,3713
1449,1449,3705909,09,3713
1450,1450,3705910,10,3713
1451,1451,3705911,11,3713
1452,1452,3705912,12,3713
1453,1453,3705913,13,3713
1454,1454,3705914,14,3713
1455,1455,371670014,0014,3708
1456,1456,371670026,0026,3708
1457,1457,371670021,0021,3708
1458,1458,371670027,0027,3708
1459,1459,371670003,0003,3708
1460,1460,371670022,0022,3708
1461,1461,371670011,0011,3708
1462,1462,371670016,0016,3708
1463,1463,371670002,0002,3708
1464,1464,371670025,0025,3708
1465,1465,37195PRWC,PRWC,3701
1466,1466,37195PRWB,PRWB,3701
1467,1467,37195PRWP,PRWP,3701
1468,1468,37195PRWL,PRWL,3701
1469,1469,37195PROL,PROL,3702
1470,1470,37195PRWA,PRWA,3701
1471,1471,37195PRWE,PRWE,3701
1472,1472,37195PRBL,PRBL,3702
1473,1473,37195PRSP,PRSP,3702
1474,1474,37195PRWN,PRWN,3701
1475,1475,37195PRTO,PRTO,3701
1476,1476,37195PRTA,PRTA,3702
1477,1477,37195PRSA,PRSA,3701
1478,1478,37195PRWJ,PRWJ,3701
1479,1479,37195PRWH,PRWH,3701
1480,1480,37195PRWM,PRWM,3701
1481,1481,37195PRWK,PRWK,3701
1482,1482,37195PRWQ,PRWQ,3701
1483,1483,37195PRGA,PRGA,3701
1484,1484,37195PRWD,PRWD,3701
1485,1485,37195PRWI,PRWI,3701
1486,1486,37195PRWR,PRWR,3701
1487,1487,37195PRCR,PRCR,3702
1488,1488,37195PRST,PRST,3701
1489,1489,37197BNVL,BNVL,3705
1490,1490,37197DCRK,DCRK,3705
1491,1491,37197EBND,EBND,3705
1492,1492,37197FBSH,FBSH,3705
1493,1493,37197NBCK,NBCK,3705
1494,1494,37197NFAL,NFAL,3705
1495,1495,37197NKNB,NKNB,3705
1496,1496,37197NLIB,NLIB,3705
1497,1497,37197SBCK,SBCK,3705
1498,1498,37197SFAL,SFAL,3705
1499,1499,37197SKNB,SKNB,3705
1500,1500,37197SLIB,SLIB,3705
1501,1501,37045WACO,WACO,3710
1502,1502,37045CASAR,CASAR,3710
1503,1503,37045LAWNDL,LAWNDL,3710
1504,1504,37045S5,S5,3710
1505,1505,37045POLKVL,POLKVL,3710
1506,1506,37045KM3,KM3,3710
1507,1507,37045BSPGS,BSPGS,3710
1508,1508,37045MULLS,MULLS,3710
1509,1509,37045LATT,LATT,3710
1510,1510,37045GROVER,GROVER,3710
1511,1511,37045S8,S8,3710
1512,1512,37045S7,S7,3710
1513,1513,37045S6,S6,3710
1514,1514,37045KM4,KM4,3710
1515,1515,37045KM2,KM2,3710
1516,1516,37045FALSTN,FALSTN,3710
1517,1517,37045KINGST,KINGST,3710
1518,1518,37045S4,S4,3710
1519,1519,37045S1,S1,3710
1520,1520,37045OAKGR,OAKGR,3710
1521,1521,37045RIPPY,RIPPY,3710
1522,1522,37045S2,S2,3710
1523,1523,37045MRB-YO,MRB-YO,3710
1524,1524,37045SHANGI,SHANGI,3710
1525,1525,37045H-SPGS,H-SPGS,3710
1526,1526,37045S3,S3,3710
1527,1527,37045BETHWR,BETHWR,3710
1528,1528,37045KM1,KM1,3710
1529,1529,3701907,07,3707
1530,1530,3701922,22,3707
1531,1531,3701920,20,3707
1532,1532,3701917,17,3707
1533,1533,3701901,01,3707
1534,1534,3701911,11,3707
1535,1535,3701913,13,3707
1536,1536,3701910,10,3707
1537,1537,3701905,05,3707
1538,1538,3701919,19,3707
1539,1539,3701916,16,3707
1540,1540,3701914,14,3707
1541,1541,3701915,15,3707
1542,1542,3701902,02,3707
1543,1543,3701923,23,3707
1544,1544,3701921,21,3707
1545,1545,3701908,08,3707
1546,1546,3701904,04,3707
1547,1547,3701903,03,3707
1548,1548,3701918,18,3707
1549,1549,3701912,12,3707
1550,1550,3701906,06,3707
1551,1551,3701909,09,3707
1552,1552,37125LTR,LTR,3708
1553,1553,37125PHC,PHC,3708
1554,1554,37125RBN,RBN,3708
1555,1555,37125DHR,DHR,3708
1556,1556,37125WEM,WEM,3708
1557,1557,37125CAR,CAR,3708
1558,1558,37125PHA,PHA,3708
1559,1559,37125EAB,EAB,3708
1560,1560,37125VSS,VSS,3708
1561,1561,37125WAB,WAB,3708
1562,1562,37125BEN,BEN,3708
1563,1563,37125SSP,SSP,3708
1564,1564,37125WND,WND,3708
1565,1565,37125SLS,SLS,3708
1566,1566,37125CAM,CAM,3708
1567,1567,37125PBF,PBF,3708
1568,1568,37125PHB2,PHB2,3708
1569,1569,37125TLT,TLT,3708
1570,1570,37125PHB1,PHB1,3708
1571,1571,37125EUR,EUR,3708
1572,1572,37125PDN,PDN,3708
1573,1573,37125KWD,KWD,3708
1574,1574,37125EWD,EWD,3708
1575,1575,37125NSP,NSP,3708
1576,1576,3700904,04,3705
1577,1577,3700916,16,3705
1578,1578,3700913,13,3705
1579,1579,3700914,14,3705
1580,1580,3700920,20,3705
1581,1581,3700909,09,3705
1582,1582,3700915,15,3705
1583,1583,3700912,12,3705
1584,1584,3700903,03,3705
1585,1585,3700910,10,3705
1586,1586,3700902,02,3705
1587,1587,3700911,11,3705
1588,1588,3700917,17,3705
1589,1589,3700907,07,3705
1590,1590,3700906,06,3705
1591,1591,3700918,18,3705
1592,1592,3700908,08,3705
1593,1593,3712101,01,3711
1594,1594,3712104,04,3711
1595,1595,3712106,06,3711
1596,1596,3712107,07,3711
1597,1597,3712105,05,3711
1598,1598,3712103,03,3711
1599,1599,3712109,09,3711
1600,1600,3712108,08,3711
1601,1601,3712102,02,3711
1602,1602,3715305,05,3709
1603,1603,3715309,09,3709
1604,1604,3715314,14,3709
1605,1605,3715304,04,3709
1606,1606,3715301,01,3709
1607,1607,3715308,08,3709
1608,1608,3715316,16,3709
1609,1609,3715302,02,3709
1610,1610,3715313,13,3709
1611,1611,3715315,15,3709
1612,1612,3715312,12,3709
1613,1613,3715311,11,3709
1614,1614,3715310,10,3709
1615,1615,3715307,07,3709
1616,1616,3715306,06,3709
1617,1617,3715303,03,3709
1618,1618,37131LAKE-G,LAKE G,3701
1619,1619,37131GASTON,GASTON,3701
1620,1620,37131SEABOA,SEABOA,3701
1621,1621,37131RICH-S,RICH S,3701
1622,1622,37131SEVERN,SEVERN,3701
1623,1623,37131PLEASA,PLEASA,3701
1624,1624,37131GARYSB,GARYSB,3701
1625,1625,37131GALATI,GALATI,3701
1626,1626,37131NEWTOW,NEWTOW,3701
1627,1627,37131PENDLE,PENDLE,3701
1628,1628,37131WOODLA,WOODLA,3701
1629,1629,3705702,02,3713
1630,1630,3705750,50,3713
1631,1631,3705710,10,3713
1632,1632,3705748,48,3713
1633,1633,3705760,60,3713
1634,1634,3705752,52,3713
1635,1635,3705740,40,3713
1636,1636,3705728,28,3713
1637,1637,3705770,70,3713
1638,1638,3705776,76,3713
1639,1639,3705780,80,3713
1640,1640,3705768,68,3713
1641,1641,3705772,72,3713
1642,1642,3705722,22,3713
1643,1643,3705774,74,3713
1644,1644,37131JACKSO,JACKSO,3701
1645,1645,37131CREEKS,CREEKS,3701
1646,1646,37131REHOBE,REHOBE,3701
1647,1647,37131CONWAY,CONWAY,3701
1648,1648,37131LASKER,LASKER,3701
1649,1649,3705736,36,3713
1650,1650,3705716,16,3713
1651,1651,3705726,26,3713
1652,1652,3705704,04,3713
1653,1653,3705782,82,3713
1654,1654,3705724,24,3713
1655,1655,3705730,30,3713
1656,1656,3705766,66,3713
1657,1657,3705712,12,3713
1658,1658,3705754,54,3713
1659,1659,3705746,46,3713
1660,1660,3705758,58,3713
1661,1661,3705708,08,3713
1662,1662,3705734,34,3713
1663,1663,3705742,42,3713
1664,1664,3705720,20,3713
1665,1665,3705718,18,3713
1666,1666,3705784,84,3713
1667,1667,3705778,78,3713
1668,1668,3705706,06,3713
1669,1669,3705744,44,3713
1670,1670,3705762,62,3713
1671,1671,3705732,32,3713
1672,1672,3705756,56,3713
1673,1673,37131MILWAU,MILWAU,3701
1674,1674,3705764,64,3713
1675,1675,3705738,38,3713
1676,1676,3705714,14,3713
1677,1677,37131POTECA,POTECA,3701
1678,1678,37103P01,P01,3703
1679,1679,37103P02,P02,3703
1680,1680,37103P04,P04,3703
1681,1681,37103P07,P07,3703
1682,1682,37103P05,P05,3703
1683,1683,37103P03,P03,3703
1684,1684,37103P06,P06,3703
1685,1685,37003B1,B1,3705
1686,1686,37003B2,B2,3705
1687,1687,37003E,E,3705
1688,1688,37003G1,G1,3705
1689,1689,37003G2,G2,3705
1690,1690,37003L,L,3705
1691,1691,37003M,M,3705
1692,1692,37003S1,S1,3705
1693,1693,37003S2,S2,3705
1694,1694,37003SL,SL,3705
1695,1695,37003T1,T1,3705
1696,1696,37003T2,T2,3705
1697,1697,37003T3,T3,3705
1698,1698,37003T4,T4,3705
1699,1699,37003T5,T5,3705
1700,1700,37003W,W,3705
1701,1701,37097CC1,CC1,3713
1702,1702,37097FT,FT,3710
1703,1703,37119208,208,3712
1704,1704,37119127,127,3712
1705,1705,37097BE,BE,3713
1706,1706,37097OL,OL,3713
1707,1707,37097SB,SB,3713
1708,1708,37097TB,TB,3713
1709,1709,37097DV2-B,DV2-B,3713
1710,1710,37097EM,EM,3713
1711,1711,37097CD,CD,3713
1712,1712,37097UG,UG,3713
1713,1713,37091WN,WN,3701
1714,1714,37091CM,CM,3701
1715,1715,37091CO,CO,3701
1716,1716,37091UN,UN,3701
1717,1717,37091M2,M2,3701
1718,1718,37091BR,BR,3701
1719,1719,37091M1,M1,3701
1720,1720,37091A1,A1,3701
1721,1721,37091HV,HV,3701
1722,1722,37091A2,A2,3701
1723,1723,37091A3,A3,3701
1724,1724,37091SJ,SJ,3701
1725,1725,37097NH,NH,3713
1726,1726,37097CH-B,CH-B,3713
1727,1727,37097ST4,ST4,3713
1728,1728,37091ML,ML,3701
1729,1729,37097SH-B,SH-B,3713
1730,1730,37097ST3,ST3,3713
1731,1731,37097ST6,ST6,3713
1732,1732,37097ST1,ST1,3713
1733,1733,37097ST5,ST5,3713
1734,1734,37097SH-A,SH-A,3713
1735,1735,37097ST2,ST2,3713
1736,1736,37097DV2-A,DV2-A,3713
1737,1737,37097DV1-B,DV1-B,3713
1738,1738,37097CC4,CC4,3713
1739,1739,37097CC2,CC2,3713
1740,1740,37097DV1-A,DV1-A,3713
1741,1741,37097CH-A,CH-A,3713
1742,1742,3707102,02,3710
1743,1743,3707108,08,3710
1744,1744,3707123,23,3710
1745,1745,3707116,16,3710
1746,1746,3707120,20,3710
1747,1747,3707125,25,3710
1748,1748,3707117,17,3710
1749,1749,3707146,46,3710
1750,1750,3707130,30,3710
1751,1751,3707107,07,3710
1752,1752,3707105,05,3710
1753,1753,3707121,21,3710
1754,1754,3707112,12,3710
1755,1755,3707137,37,3710
1756,1756,3707126,26,3710
1757,1757,370650701,0701,3701
1758,1758,370650101,0101,3701
1759,1759,370650601,0601,3701
1760,1760,370651204,1204,3701
1761,1761,3707134,34,3710
1762,1762,3707114,14,3710
1763,1763,3707118,18,3710
1764,1764,3707145,45,3710
1765,1765,3707110,10,3710
1766,1766,3707138,38,3710
1767,1767,3707142,42,3710
1768,1768,3707115,15,3710
1769,1769,3707139,39,3710
1770,1770,3707122,22,3710
1771,1771,3707106,06,3710
1772,1772,3707132,32,3710
1773,1773,3707133,33,3710
1774,1774,370650801,0801,3701
1775,1775,370650104,0104,3701
1776,1776,370651202,1202,3701
1777,1777,370650501,0501,3701
1778,1778,370651001,1001,3701
1779,1779,370651401,1401,3701
1780,1780,370650401,0401,3701
1781,1781,370650301,0301,3701
1782,1782,370651203,1203,3701
1783,1783,370651205,1205,3701
1784,1784,370651201,1201,3701
1785,1785,370650102,0102,3701
1786,1786,370651301,1301,3701
1787,1787,3707143,43,3710
1788,1788,3707131,31,3710
1789,1789,3707119,19,3710
1790,1790,3707140,40,3710
1791,1791,3707144,44,3710
1792,1792,3707141,41,3710
1793,1793,3707103,03,3710
1794,1794,3707113,13,3710
1795,1795,370650901,0901,3701
1796,1796,370651101,1101,3701
1797,1797,370650103,0103,3701
1798,1798,370650201,0201,3701
1799,1799,3707111,11,3710
1800,1800,3707136,36,3710
1801,1801,3707135,35,3710
1802,1802,3707104,04,3710
1803,1803,3707128,28,3710
1804,1804,3707127,27,3710
1805,1805,3707109,09,3710
1806,1806,3707124,24,3710
1807,1807,3707101,01,3710
1808,1808,3707129,29,3710
1809,1809,3702504-02,04-02,3708
1810,1810,3702502-07,02-07,3708
1811,1811,3702502-02,02-02,3708
1812,1812,3702512-09,12-09,3708
1813,1813,3702512-12,12-12,3708
1814,1814,3702501-10,01-10,3708
1815,1815,3702512-08,12-08,3708
1816,1816,3702512-03,12-03,3708
1817,1817,3702502-03,02-03,3708
1818,1818,3702503-00,03-00,3708
1819,1819,3702505-00,05-00,3708
1820,1820,3702504-06,04-06,3708
1821,1821,3702511-02,11-02,3708
1822,1822,3702504-10,04-10,3708
1823,1823,3702510-00,10-00,3708
1824,1824,3702501-02,01-02,3708
1825,1825,3702504-08,04-08,3708
1826,1826,3702502-06,02-06,3708
1827,1827,3702502-01,02-01,3708
1828,1828,3702504-07,04-07,3708
1829,1829,3702502-05,02-05,3708
1830,1830,37187P2,P2,3701
1831,1831,37187SC,SC,3701
1832,1832,37187LM,LM,3701
1833,1833,37187SK,SK,3701
1834,1834,37187P3,P3,3701
1835,1835,3702501-06,01-06,3708
1836,1836,3702501-04,01-04,3708
1837,1837,37187P1,P1,3701
1838,1838,3702504-01,04-01,3708
1839,1839,3702512-02,12-02,3708
1840,1840,37105C,C,3706
1841,1841,37105A,A,3706
1842,1842,37105E,E,3706
1843,1843,37105D,D,3706
1844,1844,37105B,B,3706
1845,1845,3702504-05,04-05,3708
1846,1846,3702512-06,12-06,3708
1847,1847,3702512-11,12-11,3708
1848,1848,3702512-04,12-04,3708
1849,1849,3702502-08,02-08,3708
1850,1850,3702512-05,12-05,3708
1851,1851,3702512-01,12-01,3708
1852,1852,3702512-07,12-07,3708
1853,1853,3702511-01,11-01,3708
1854,1854,3702502-09,02-09,3708
1855,1855,3702501-08,01-08,3708
1856,1856,3702501-09,01-09,3708
1857,1857,370734N,4N,3701
1858,1858,370734S,4S,3701
1859,1859,370732,2,3701
1860,1860,370733,3,3701
1861,1861,370731,1,3701
1862,1862,370735,5,3701
1863,1863,3702501-07,01-07,3708
1864,1864,3702506-00,06-00,3708
1865,1865,3702507-00,07-00,3708
1866,1866,3702508-00,08-00,3708
1867,1867,3702509-00,09-00,3708
1868,1868,3702504-04,04-04,3708
1869,1869,3702512-10,12-10,3708
1870,1870,3702504-03,04-03,3708
1871,1871,3702504-09,04-09,3708
1872,1872,37133HR17,HR17,3703
1873,1873,37133FS16,FS16,3703
1874,1874,37133SW19,SW19,3703
1875,1875,37133EN03,EN03,3703
1876,1876,37133CR07,CR07,3703
1877,1877,37133NR02,NR02,3703
1878,1878,37133WN04,WN04,3703
1879,1879,37133BM08,BM08,3703
1880,1880,37133RL09,RL09,3703
1881,1881,37133NE22,NE22,3703
1882,1882,37133JA01,JA01,3703
1883,1883,37133GB12,GB12,3703
1884,1884,37133MT24,MT24,3703
1885,1885,37133ML23,ML23,3703
1886,1886,37133BC21,BC21,3703
1887,1887,37133TL06,TL06,3703
1888,1888,37133VR15,VR15,3703
1889,1889,37133CL10,CL10,3703
1890,1890,37133NM13,NM13,3703
1891,1891,37133HU20,HU20,3703
1892,1892,37133HM05,HM05,3703
1893,1893,37133HN14,HN14,3703
1894,1894,37133SF18,SF18,3703
1895,1895,3702113.1,13.1,3711
1896,1896,3702124.1,24.1,3711
1897,1897,37021101.1,101.1,3711
1898,1898,37145HLWY,HLWY,3706
1899,1899,37145ROX3,ROX3,3706
1900,1900,37145WDSD,WDSD,3706
1901,1901,37145CUCL,CUCL,3706
1902,1902,37145MTTZ,MTTZ,3706
1903,1903,37145FLRI,FLRI,3706
1904,1904,3702171.1,71.1,3711
1905,1905,3702128.1,28.1,3710
1906,1906,3702166.1,66.1,3710
1907,1907,3702161.1,61.1,3710
1908,1908,3702160.2,60.2,3710
1909,1909,3702149.1,49.1,3711
1910,1910,3702163.1,63.1,3711
1911,1911,3702115.1,15.1,3711
1912,1912,3702162.1,62.1,3710
1913,1913,3702133.3,33.3,3710
1914,1914,3702134.1,34.1,3710
1915,1915,37021107.1,107.1,3711
1916,1916,37145ROX4,ROX4,3706
1917,1917,37145ROX2,ROX2,3706
1918,1918,37145RX1A,RX1A,3706
1919,1919,37145ROX1,ROX1,3706
1920,1920,37145HUML,HUML,3706
1921,1921,37145ALVI,ALVI,3706
1922,1922,37145BFRK,BFRK,3706
1923,1923,37145OLHI,OLHI,3706
1924,1924,3702119.1,19.1,3710
1925,1925,3702138.3,38.3,3710
1926,1926,3702110.1,10.1,3710
1927,1927,3702112.1,12.1,3710
1928,1928,3702137.1,37.1,3710
1929,1929,3702101.1,01.1,3710
1930,1930,3702155.1,55.1,3710
1931,1931,3702150.1,50.1,3711
1932,1932,3702164.1,64.1,3710
1933,1933,3702111.1,11.1,3710
1934,1934,3702105.1,05.1,3711
1935,1935,3702135.1,35.1,3710
1936,1936,3702141.1,41.1,3711
1937,1937,3702131.1,31.1,3711
1938,1938,37021103.1,103.1,3710
1939,1939,3702158.1,58.1,3711
1940,1940,3702157.1,57.1,3710
1941,1941,3702145.1,45.1,3711
1942,1942,3702136.1,36.1,3710
1943,1943,3702103.1,03.1,3710
1944,1944,37021105.1,105.1,3711
1945,1945,3702106.1,06.1,3710
1946,1946,3702133.2,33.2,3710
1947,1947,37021104.1,104.1,3710
1948,1948,3702132.1,32.1,3710
1949,1949,3702125.1,25.1,3710
1950,1950,3702159.1,59.1,3711
1951,1951,3702139.1,39.1,3710
1952,1952,37021100.1,100.1,3710
1953,1953,3702114.2,14.2,3710
1954,1954,3702104.1,04.1,3711
1955,1955,3702152.1,52.1,3711
1956,1956,37021106.1,106.1,3711
1957,1957,3702146.1,46.1,3711
1958,1958,3702168.1,68.1,3711
1959,1959,37021102.1,102.1,3710
1960,1960,3702170.1,70.1,3711
1961,1961,3702165.1,65.1,3710
1962,1962,3702147.1,47.1,3711
1963,1963,3702153.1,53.1,3711
1964,1964,3702148.1,48.1,3711
1965,1965,3702138.2,38.2,3710
1966,1966,3702107.1,07.1,3710
1967,1967,3702120.1,20.1,3710
1968,1968,3702167.1,67.1,3711
1969,1969,3702117.1,17.1,3710
1970,1970,3702126.1,26.1,3711
1971,1971,3702102.1,02.1,3710
1972,1972,3702130.1,30.1,3711
1973,1973,3702169.1,69.1,3711
1974,1974,3702144.1,44.1,3711
1975,1975,3702109.1,09.1,3710
1976,1976,3715529,29,3709
1977,1977,3715507,07,3709
1978,1978,3715519,19,3709
1979,1979,3715505,05,3709
1980,1980,3715538,38,3709
1981,1981,3715540,40,3709
1982,1982,3715537,37,3709
1983,1983,3715511,11,3709
1984,1984,3715515,15,3709
1985,1985,3715520,20,3709
1986,1986,3715536,36,3709
1987,1987,3715521,21,3709
1988,1988,3715502,02,3709
1989,1989,3715526,26,3709
1990,1990,3715535,35,3709
1991,1991,3715541,41,3709
1992,1992,3715539,39,3709
1993,1993,3715532,32,3709
1994,1994,3715530,30,3709
1995,1995,3715503,03,3709
1996,1996,3715501,01,3709
1997,1997,3715510,10,3709
1998,1998,3715533,33,3709
1999,1999,3715531,31,3709
2000,2000,3715528,28,3709
2001,2001,3715522,22,3709
2002,2002,3715527,27,3709
2003,2003,3715524,24,3709
2004,2004,3715525,25,3709
2005,2005,3715504,04,3709
2006,2006,3715523,23,3709
2007,2007,3715516,16,3709
2008,2008,3715517,17,3709
2009,2009,3715513,13,3709
2010,2010,3715512,12,3709
2011,2011,3715514,14,3709
2012,2012,3715508,08,3709
2013,2013,3715506,06,3709
2014,2014,3715518A,18A,3709
2015,2015,3715509,09,3709
2016,2016,3715534,34,3709
2017,2017,37055KTHK,KTHK,3703
2018,2018,37055DUCK,DUCK,3703
2019,2019,37055KDH,KDH,3703
2020,2020,37055EL,EL,3703
2021,2021,37055STPT,STPT,3703
2022,2022,37055CHCA,CHCA,3703
2023,2023,37055MH,MH,3703
2024,2024,37141CF11,CF11,3707
2025,2025,37055SOSH,SOSH,3703
2026,2026,37055COL,COL,3703
2027,2027,37055MATO,MATO,3703
2028,2028,37055NGHD,NGHD,3703
2029,2029,37055AVON,AVON,3703
2030,2030,37141CL05,CL05,3707
2031,2031,37141CS04,CS04,3707
2032,2032,37141CT03,CT03,3707
2033,2033,37141GR06,GR06,3707
2034,2034,37141LC09,LC09,3707
2035,2035,37141LU16,LU16,3707
2036,2036,37141MH07,MH07,3707
2037,2037,37141MT19,MT19,3707
2038,2038,37143PARKVI,PARKVI,3703
2039,2039,37143BELVID,BELVID,3703
2040,2040,37143NICANO,NICANO,3703
2041,2041,37143BETHEL,BETHEL,3703
2042,2042,37143EAST-H,EAST H,3703
2043,2043,37055HAT,HAT,3703
2044,2044,37055FRCO,FRCO,3703
2045,2045,37055BUX,BUX,3703
2046,2046,37141NB01,NB01,3707
2047,2047,37141PL10,PL10,3707
2048,2048,37143WEST-H,WEST H,3703
2049,2049,37143NEW-HO,NEW HO,3703
2050,2050,37055WAN,WAN,3703
2051,2051,37141RP20,RP20,3707
2052,2052,37141SB02,SB02,3707
2053,2053,37141SC13,SC13,3707
2054,2054,37141SP15,SP15,3707
2055,2055,37141UH08,UH08,3707
2056,2056,37141UT14,UT14,3707
2057,2057,37141UU17,UU17,3707
2058,2058,371658,8,3709
2059,2059,371653,3,3709
2060,2060,371654,4,3709
2061,2061,371659,9,3709
2062,2062,371657,7,3709
2063,2063,3716510,10,3709
2064,2064,371652,2,3709
2065,2065,371655,5,3709
2066,2066,371656,6,3709
2067,2067,371651,1,3709
2068,2068,37013RVRD,RVRD,3703
2069,2069,37013AUROR,AUROR,3703
2070,2070,37013NCRK,NCRK,3703
2071,2071,37013WASH1,WASH1,3703
2072,2072,37013BLCK,BLCK,3703
2073,2073,37013OLDF,OLDF,3703
2074,2074,37013PINET,PINET,3703
2075,2075,37013BELHV,BELHV,3703
2076,2076,37013GILEA,GILEA,3703
2077,2077,37013TCRK,TCRK,3703
2078,2078,37013PSJW3,PSJW3,3703
2079,2079,37013CHOCO,CHOCO,3703
2080,2080,37013WASH2,WASH2,3703
2081,2081,37013PANTE,PANTE,3703
2082,2082,37013WASH4,WASH4,3703
2083,2083,37013BEADM,BEADM,3703
2084,2084,37013EDWAR,EDWAR,3703
2085,2085,37013SURBA,SURBA,3703
2086,2086,37013HB,HB,3703
2087,2087,37013WDPD,WDPD,3703
2088,2088,37013WASHP,WASHP,3703
2089,2089,3700506,06,3705
2090,2090,3700505,05,3705
2091,2091,3700501,01,3705
2092,2092,3700503,03,3705
2093,2093,3700504,04,3705
2094,2094,3700502,02,3705
2095,2095,3700507,07,3705
2096,2096,3716104A,04A,3710
2097,2097,3716116A,16A,3710
2098,2098,3716127,27,3710
2099,2099,3716128,28,3710
2100,2100,3716106A,06A,3710
2101,2101,3716113,13,3710
2102,2102,3716130,30,3710
2103,2103,3716114,14,3710
2104,2104,3716110A,10A,3710
2105,2105,3716103A,03A,3710
2106,2106,3716119,19,3710
2107,2107,3716134,34,3710
2108,2108,3716109A,09A,3710
2109,2109,3716118,18,3710
2110,2110,3716105A,05A,3710
2111,2111,3716111,11,3710
2112,2112,3716129,29,3710
2113,2113,37119001,001,3709
2114,2114,37119002,002,3712
2115,2115,37119042,042,3712
2116,2116,37119043,043,3712
2117,2117,37119044,044,3712
2118,2118,37119091,091,3709
2119,2119,37119092,092,3709
2120,2120,37119094,094,3712
2121,2121,37119095,095,3712
2122,2122,37119096,096,3709
2123,2123,37119226,226,3709
2124,2124,3717716,16,3703
2125,2125,37119003,003,3712
2126,2126,37119004,004,3712
2127,2127,37119005,005,3712
2128,2128,37119045,045,3712
2129,2129,37119046,046,3712
2130,2130,37119217,217,3709
2131,2131,37119097,097,3712
2132,2132,37119098,098,3712
2133,2133,37119227,227,3709
2134,2134,37119229,229,3712
2135,2135,37119230,230,3712
2136,2136,37119231,231,3712
2137,2137,37119232,232,3709
2138,2138,37119233,233,3709
2139,2139,37119234,234,3712
2140,2140,37119236,236,3709
2141,2141,37119007,007,3712
2142,2142,37119008,008,3709
2143,2143,37119047,047,3712
2144,2144,37119048,048,3709
2145,2145,37119099,099,3712
2146,2146,37119100,100,3709
2147,2147,37119101,101,3709
2148,2148,37119102,102,3712
2149,2149,37119103,103,3709
2150,2150,37119104,104,3712
2151,2151,37119237,237,3712
2152,2152,37119238.1,238.1,3712
2153,2153,37119151,151,3712
2154,2154,37119009,009,3712
2155,2155,37119010,010,3712
2156,2156,37119049,049,3712
2157,2157,37119050,050,3712
2158,2158,37119105,105,3712
2159,2159,37119106,106,3712
2160,2160,37119146,146,3712
2161,2161,37119107.1,107.1,3712
2162,2162,37119239,239,3712
2163,2163,37119145,145,3712
2164,2164,37119241,241,3712
2165,2165,37119242,242,3712
2166,2166,37119243,243,3712
2167,2167,37119220,220,3709
2168,2168,37119235,235,3712
2169,2169,37119011,011,3712
2170,2170,37119012,012,3712
2171,2171,37119051,051,3712
2172,2172,37119052,052,3712
2173,2173,37119109,109,3712
2174,2174,37119110,110,3709
2175,2175,37119111,111,3709
2176,2176,37119112,112,3709
2177,2177,37119113,113,3709
2178,2178,37119204.1,204.1,3712
2179,2179,37119149,149,3712
2180,2180,37119202,202,3712
2181,2181,37119206,206,3712
2182,2182,37119013,013,3712
2183,2183,37119014,014,3712
2184,2184,37119015,015,3712
2185,2185,37119054,054,3712
2186,2186,37119055,055,3712
2187,2187,37119056,056,3712
2188,2188,37119114,114,3709
2189,2189,37119115,115,3712
2190,2190,37119116,116,3712
2191,2191,37119117,117,3712
2192,2192,37119006,006,3712
2193,2193,37119016,016,3712
2194,2194,37119057,057,3709
2195,2195,37119058,058,3712
2196,2196,37119118,118,3709
2197,2197,37119119,119,3709
2198,2198,37119120,120,3712
2199,2199,37119121,121,3709
2200,2200,37119017,017,3712
2201,2201,37119018,018,3709
2202,2202,37119019,019,3709
2203,2203,37119059,059,3712
2204,2204,37119060,060,3712
2205,2205,37119061,061,3712
2206,2206,37119123,123,3712
2207,2207,37119124,124,3712
2208,2208,37119125,125,3712
2209,2209,37119126,126,3712
2210,2210,37119128,128,3712
2211,2211,37119020,020,3712
2212,2212,37119021,021,3712
2213,2213,37119062,062,3712
2214,2214,37119063,063,3712
2215,2215,37119129,129,3712
2216,2216,37119087,087,3712
2217,2217,37119130,130,3712
2218,2218,37119022,022,3712
2219,2219,37119023,023,3712
2220,2220,37119053,053,3712
2221,2221,37119064,064,3712
2222,2222,37119065,065,3712
2223,2223,37119131,131,3709
2224,2224,37119132,132,3712
2225,2225,37119024,024,3712
2226,2226,37119040,040,3712
2227,2227,37119025,025,3712
2228,2228,37119066,066,3712
2229,2229,37119067,067,3712
2230,2230,37119133,133,3712
2231,2231,37119134,134,3712
2232,2232,37119135,135,3712
2233,2233,37119136,136,3709
2234,2234,37119137,137,3709
2235,2235,37119138,138,3712
2236,2236,37119148,148,3712
2237,2237,37119139.1,139.1,3709
2238,2238,37119140,140,3712
2239,2239,37119026,026,3712
2240,2240,37119027,027,3712
2241,2241,37119068,068,3712
2242,2242,37119069,069,3709
2243,2243,37119070,070,3709
2244,2244,37119071,071,3709
2245,2245,37119144,144,3709
2246,2246,37119141,141,3712
2247,2247,37119142,142,3712
2248,2248,37119143,143,3712
2249,2249,37119028,028,3712
2250,2250,37119029,029,3712
2251,2251,37119030,030,3712
2252,2252,37119031,031,3712
2253,2253,37119072,072,3709
2254,2254,37119073,073,3709
2255,2255,37119074,074,3709
2256,2256,37119240,240,3712
2257,2257,37119200,200,3712
2258,2258,37119201,201,3712
2259,2259,37119203,203,3712
2260,2260,37119205,205,3712
2261,2261,37119207,207,3712
2262,2262,37119209,209,3712
2263,2263,37119210,210,3712
2264,2264,37119211,211,3712
2265,2265,37119212,212,3712
2266,2266,37119032,032,3709
2267,2267,37119033,033,3712
2268,2268,37119034,034,3712
2269,2269,37119075,075,3709
2270,2270,37119076,076,3709
2271,2271,37119122,122,3712
2272,2272,37119077,077,3712
2273,2273,37119225,225,3712
2274,2274,37119228,228,3712
2275,2275,37119213,213,3712
2276,2276,37119214,214,3712
2277,2277,37119215,215,3709
2278,2278,37119035,035,3712
2279,2279,37119036,036,3712
2280,2280,37119147,147,3712
2281,2281,37119078.1,078.1,3712
2282,2282,37119216,216,3709
2283,2283,37119218,218,3709
2284,2284,3717714,14,3703
2285,2285,3717703,03,3703
2286,2286,37119037,037,3712
2287,2287,37119038,038,3712
2288,2288,37119039,039,3712
2289,2289,37119041,041,3712
2290,2290,37119079,079,3712
2291,2291,37119080,080,3712
2292,2292,37119081,081,3712
2293,2293,37119082,082,3712
2294,2294,37119083,083,3712
2295,2295,37119084,084,3712
2296,2296,37119108,108,3712
2297,2297,37119085,085,3712
2298,2298,37119093,093,3709
2299,2299,37119086,086,3709
2300,2300,37119088,088,3712
2301,2301,37119089,089,3712
2302,2302,37119090,090,3709
2303,2303,37119219,219,3709
2304,2304,37119221,221,3709
2305,2305,37119222,222,3712
2306,2306,37119150,150,3712
2307,2307,37119223.1,223.1,3712
2308,2308,37119224,224,3712
2309,2309,3717701,01,3703
2310,2310,3717702,02,3703
2311,2311,3717715,15,3703
2312,2312,37157CO,CO,3706
2313,2313,37157MC,MC,3706
2314,2314,37157WM,WM,3706
2315,2315,37157EC,EC,3706
2316,2316,37157RC,RC,3706
2317,2317,37157LI,LI,3706
2318,2318,37157ED-1,ED-1,3706
2319,2319,37157LK-2,LK-2,3706
2320,2320,37157DR,DR,3706
2321,2321,37157VA,VA,3706
2322,2322,37157HU,HU,3706
2323,2323,37157HO,HO,3706
2324,2324,37157MD,MD,3706
2325,2325,37157RD-1,RD-1,3706
2326,2326,37157IR,IR,3706
2327,2327,37157MA,MA,3706
2328,2328,37157NB,NB,3706
2329,2329,37157AV,AV,3706
2330,2330,37173ALMOND,ALMOND,3711
2331,2331,3711306,06,3711
2332,2332,3711310,10,3711
2333,2333,3711311,11,3711
2334,2334,3711309,09,3711
2335,2335,3711305,05,3711
2336,2336,3711308,08,3711
2337,2337,3711302,02,3711
2338,2338,3711312,12,3711
2339,2339,3711307,07,3711
2340,2340,3711313,13,3711
2341,2341,3711314,14,3711
2342,2342,3711315,15,3711
2343,2343,3711304,04,3711
2344,2344,3711301,01,3711
2345,2345,3711303,03,3711
2346,2346,3716917,17,3705
2347,2347,3716916,16,3705
2348,2348,3716915,15,3705
2349,2349,3716912,12,3705
2350,2350,3716910,10,3705
2351,2351,3716903,03,3705
2352,2352,3716911,11,3705
2353,2353,3716907,07,3705
2354,2354,3716901,01,3705
2355,2355,3716902,02,3705
2356,2356,3716913,13,3705
2357,2357,3716908,08,3705
2358,2358,3716906,06,3705
2359,2359,3716909,09,3705
2360,2360,3716904,04,3705
2361,2361,3716905,05,3705
2362,2362,3716920,20,3705
2363,2363,3716914,14,3705
2364,2364,3716919,19,3705
2365,2365,3716918,18,3705
2366,2366,37179033,033,3709
2367,2367,37179041,041,3709
2368,2368,37179021,021,3709
2369,2369,37179028,028,3709
2370,2370,37179020B,020B,3709
2371,2371,37179029C,029C,3709
2372,2372,37179017B,017B,3709
2373,2373,37179031,031,3709
2374,2374,37179043,043,3709
2375,2375,37179038A,038A,3709
2376,2376,37179019,019,3709
2377,2377,37179007,007,3709
2378,2378,37179022,022,3709
2379,2379,37179037A,037A,3709
2380,2380,37179018,018,3709
2381,2381,37179023,023,3709
2382,2382,37179042,042,3709
2383,2383,37179005,005,3709
2384,2384,37179004,004,3709
2385,2385,37179001,001,3709
2386,2386,37179034,034,3709
2387,2387,37179006,006,3709
2388,2388,37179036,036,3709
2389,2389,37179027,027,3709
2390,2390,37179008,008,3709
2391,2391,37179013,013,3709
2392,2392,37179039,039,3709
2393,2393,37179010,010,3709
2394,2394,37179003,003,3709
2395,2395,37179002,002,3709
2396,2396,37179025,025,3709
2397,2397,37179024,024,3709
2398,2398,37179009,009,3709
2399,2399,37179026,026,3709
2400,2400,37179032,032,3709
2401,2401,37179040,040,3709
2402,2402,37179014,014,3709
2403,2403,37179030,030,3709
2404,2404,37179016,016,3709
2405,2405,37179015,015,3709
2406,2406,37179012,012,3709
2407,2407,37179035,035,3709
2408,2408,37179011,011,3709
2409,2409,37179020A,020A,3709
2410,2410,37179017A,017A,3709
2411,2411,37179029A,029A,3709
2412,2412,37179038B,038B,3709
2413,2413,37179037B,037B,3709
2414,2414,37179029B,029B,3709
2415,2415,3718308-05,08-05,3704
2416,2416,3718308-04,08-04,3702
2417,2417,3718308-03,08-03,3704
2418,2418,3718308-02,08-02,3704
2419,2419,3718301-26,01-26,3704
2420,2420,3718301-25,01-25,3704
2421,2421,3718301-23,01-23,3704
2422,2422,3718307-13,07-13,3704
2423,2423,3718307-12,07-12,3704
2424,2424,3718307-11,07-11,3704
2425,2425,3718307-10,07-10,3704
2426,2426,3718307-09,07-09,3704
2427,2427,3718301-22,01-22,3704
2428,2428,3718301-21,01-21,3704
2429,2429,3718301-20,01-20,3704
2430,2430,3718301-19,01-19,3704
2431,2431,3718301-18,01-18,3704
2432,2432,3718301-17,01-17,3704
2433,2433,3718301-16,01-16,3704
2434,2434,3718301-15,01-15,3704
2435,2435,3718307-07,07-07,3704
2436,2436,3718307-06,07-06,3704
2437,2437,3718307-05,07-05,3704
2438,2438,3718301-14,01-14,3704
2439,2439,3718301-13,01-13,3704
2440,2440,3718301-12,01-12,3704
2441,2441,3718301-11,01-11,3704
2442,2442,3718307-04,07-04,3704
2443,2443,3718307-03,07-03,3704
2444,2444,3718307-02,07-02,3704
2445,2445,3718301-10,01-10,3704
2446,2446,3718301-09,01-09,3704
2447,2447,3718301-07,01-07,3704
2448,2448,3718307-01,07-01,3704
2449,2449,3718306-06,06-06,3702
2450,2450,3718306-07,06-07,3702
2451,2451,3718306-05,06-05,3702
2452,2452,3718306-04,06-04,3702
2453,2453,3718306-01,06-01,3702
2454,2454,3718305-06,05-06,3704
2455,2455,3718305-05,05-05,3704
2456,2456,3718305-04,05-04,3704
2457,2457,3718305-03,05-03,3704
2458,2458,3718305-01,05-01,3704
2459,2459,3718304-21,04-21,3704
2460,2460,3718301-06,01-06,3704
2461,2461,3718301-05,01-05,3704
2462,2462,3718304-20,04-20,3704
2463,2463,3718304-19,04-19,3704
2464,2464,3718304-18,04-18,3704
2465,2465,3718301-04,01-04,3704
2466,2466,3718301-03,01-03,3704
2467,2467,3718304-17,04-17,3704
2468,2468,3718304-16,04-16,3704
2469,2469,3718304-15,04-15,3704
2470,2470,3718304-14,04-14,3704
2471,2471,3718304-13,04-13,3704
2472,2472,3718304-12,04-12,3704
2473,2473,3718301-02,01-02,3704
2474,2474,3718301-01,01-01,3704
2475,2475,3718304-11,04-11,3704
2476,2476,3718304-10,04-10,3704
2477,2477,3718304-09,04-09,3704
2478,2478,3718304-08,04-08,3704
2479,2479,3718304-07,04-07,3702
2480,2480,3718304-06,04-06,3704
2481,2481,3718304-05,04-05,3704
2482,2482,3718304-04,04-04,3704
2483,2483,3718304-03,04-03,3704
2484,2484,3718304-02,04-02,3704
2485,2485,3718320-12,20-12,3702
2486,2486,3718320-11,20-11,3702
2487,2487,3718320-10,20-10,3704
2488,2488,3718320-09,20-09,3704
2489,2489,3718320-08,20-08,3702
2490,2490,3718320-06,20-06,3702
2491,2491,3718320-05,20-05,3702
2492,2492,3718320-04,20-04,3704
2493,2493,3718320-03,20-03,3704
2494,2494,3718320-02,20-02,3704
2495,2495,3718320-01,20-01,3704
2496,2496,3718319-17,19-17,3704
2497,2497,3718319-16,19-16,3704
2498,2498,3718319-12,19-12,3702
2499,2499,3718319-11,19-11,3702
2500,2500,3718304-01,04-01,3704
2501,2501,3718303-00,03-00,3702
2502,2502,3718302-06,02-06,3702
2503,2503,3718302-05,02-05,3702
2504,2504,3718302-04,02-04,3702
2505,2505,3718302-03,02-03,3702
2506,2506,3718302-02,02-02,3702
2507,2507,3718302-01,02-01,3702
2508,2508,3718319-10,19-10,3702
2509,2509,3718319-09,19-09,3702
2510,2510,3718319-07,19-07,3702
2511,2511,3718319-06,19-06,3702
2512,2512,3718319-05,19-05,3702
2513,2513,3718319-04,19-04,3702
2514,2514,3718319-03,19-03,3702
2515,2515,3718318-08,18-08,3704
2516,2516,3718318-07,18-07,3702
2517,2517,3718318-06,18-06,3704
2518,2518,3718318-05,18-05,3702
2519,2519,3718318-04,18-04,3702
2520,2520,3718318-03,18-03,3702
2521,2521,3718318-02,18-02,3702
2522,2522,3718318-01,18-01,3704
2523,2523,3718317-11,17-11,3704
2524,2524,3718301-51,01-51,3704
2525,2525,3718301-50,01-50,3704
2526,2526,3718301-49,01-49,3704
2527,2527,3718301-48,01-48,3704
2528,2528,3718301-47,01-47,3702
2529,2529,3718317-10,17-10,3704
2530,2530,3718317-09,17-09,3704
2531,2531,3718317-08,17-08,3704
2532,2532,3718317-07,17-07,3704
2533,2533,3718317-06,17-06,3702
2534,2534,3718317-05,17-05,3704
2535,2535,3718317-04,17-04,3704
2536,2536,3718317-03,17-03,3704
2537,2537,3718317-02,17-02,3704
2538,2538,3718317-01,17-01,3704
2539,2539,3718316-09,16-09,3702
2540,2540,3718316-08,16-08,3704
2541,2541,3718316-07,16-07,3704
2542,2542,3718301-46,01-46,3704
2543,2543,3718301-45,01-45,3704
2544,2544,3718316-06,16-06,3704
2545,2545,3718316-05,16-05,3702
2546,2546,3718316-04,16-04,3704
2547,2547,3718301-44,01-44,3704
2548,2548,3718301-43,01-43,3704
2549,2549,3718301-42,01-42,3702
2550,2550,3718301-41,01-41,3704
2551,2551,3718316-03,16-03,3704
2552,2552,3718316-02,16-02,3704
2553,2553,3718316-01,16-01,3702
2554,2554,3718315-04,15-04,3702
2555,2555,3718315-03,15-03,3702
2556,2556,3718315-02,15-02,3702
2557,2557,3718315-01,15-01,3702
2558,2558,3718314-02,14-02,3702
2559,2559,3718314-01,14-01,3702
2560,2560,3718313-11,13-11,3702
2561,2561,3718313-10,13-10,3702
2562,2562,3718313-09,13-09,3704
2563,2563,3718301-40,01-40,3704
2564,2564,3718301-39,01-39,3704
2565,2565,3718301-38,01-38,3704
2566,2566,3718301-37,01-37,3704
2567,2567,3718301-36,01-36,3704
2568,2568,3718301-35,01-35,3704
2569,2569,3718313-08,13-08,3704
2570,2570,3718313-07,13-07,3704
2571,2571,3718313-06,13-06,3704
2572,2572,3718313-05,13-05,3704
2573,2573,3718313-02,13-02,3704
2574,2574,3718313-01,13-01,3704
2575,2575,3718312-09,12-09,3702
2576,2576,3718312-08,12-08,3702
2577,2577,3718312-07,12-07,3702
2578,2578,3718312-06,12-06,3702
2579,2579,3718312-05,12-05,3702
2580,2580,3718312-04,12-04,3702
2581,2581,3718301-34,01-34,3704
2582,2582,3718301-33,01-33,3704
2583,2583,3718312-02,12-02,3702
2584,2584,3718312-01,12-01,3702
2585,2585,3718311-02,11-02,3704
2586,2586,3718311-01,11-01,3704
2587,2587,3718310-04,10-04,3702
2588,2588,3718310-03,10-03,3702
2589,2589,3718310-02,10-02,3702
2590,2590,3718310-01,10-01,3702
2591,2591,3718309-03,09-03,3702
2592,2592,3718309-02,09-02,3702
2593,2593,3718309-01,09-01,3702
2594,2594,3718308-11,08-11,3704
2595,2595,3718308-10,08-10,3704
2596,2596,3718308-09,08-09,3704
2597,2597,3718308-08,08-08,3702
2598,2598,3718308-07,08-07,3702
2599,2599,3718308-06,08-06,3704
2600,2600,3718301-32,01-32,3704
2601,2601,3718301-31,01-31,3704
2602,2602,3718301-30,01-30,3704
2603,2603,3718301-29,01-29,3704
2604,2604,3718301-28,01-28,3704
2605,2605,3718301-27,01-27,3704
2606,2606,37031MARS,MARS,3703
2607,2607,37031NPT1,NPT1,3703
2608,2608,37031NPT2,NPT2,3703
2609,2609,37031HAIS,HAIS,3703
2610,2610,37031IBSP,IBSP,3703
2611,2611,37031MHD4,MHD4,3703
2612,2612,37031OTST,OTST,3703
2613,2613,37031BFT1,BFT1,3703
2614,2614,37031CCCP,CCCP,3703
2615,2615,37031PELE,PELE,3703
2616,2616,37031BFT2,BFT2,3703
2617,2617,37031MHD1,MHD1,3703
2618,2618,37031WILD,WILD,3703
2619,2619,37031BOGU,BOGU,3703
2620,2620,37031MCRK,MCRK,3703
2621,2621,37031MHD2,MHD2,3703
2622,2622,37031ABCH,ABCH,3703
2623,2623,37031BCRK,BCRK,3703
2624,2624,37031EMIS,EMIS,3703
2625,2625,37031SMYR,SMYR,3703
2626,2626,37031CDIS,CDIS,3703
2627,2627,37031SLVL,SLVL,3703
2628,2628,37031STAC,STAC,3703
2629,2629,37031BETT,BETT,3703
2630,2630,37031HARL,HARL,3703
2631,2631,37031WIRE,WIRE,3703
2632,2632,37031MHD3,MHD3,3703
2633,2633,37031PKNL,PKNL,3703
2634,2634,37031DAVI,DAVI,3703
2635,2635,37031NRIV,NRIV,3703
2636,2636,37031STEL,STEL,3703
2637,2637,37031MERR,MERR,3703
2638,2638,37031ATLN,ATLN,3703
2639,2639,37031WILL,WILL,3703
2640,2640,37051CC34,CC34,3708
2641,2641,37051CC18,CC18,3708
2642,2642,37051CU02,CU02,3708
2643,2643,37051G4,G4,3708
2644,2644,37051G8,G8,3708
2645,2645,37051CC06,CC06,3708
2646,2646,37051CC13,CC13,3708
2647,2647,37051CC16,CC16,3709
2648,2648,37051CC12,CC12,3708
2649,2649,37051CC15,CC15,3708
2650,2650,37051CC10,CC10,3708
2651,2651,37051CC07,CC07,3708
2652,2652,37051CC08,CC08,3708
2653,2653,37051CC04,CC04,3708
2654,2654,37051CC05,CC05,3709
2655,2655,37051CC19,CC19,3708
2656,2656,37051G9,G9,3709
2657,2657,37051G6,G6,3709
2658,2658,37051AL51,AL51,3709
2659,2659,37051AH49,AH49,3708
2660,2660,37051G10,G10,3708
2661,2661,37051EO61-1,EO61-1,3709
2662,2662,37051EO61-2,EO61-2,3709
2663,2663,37051CC31,CC31,3708
2664,2664,37051G2,G2,3708
2665,2665,37051CL57,CL57,3708
2666,2666,37051CC01,CC01,3709
2667,2667,37051CC17,CC17,3708
2668,2668,37051CC26,CC26,3708
2669,2669,37051G11,G11,3708
2670,2670,37051LI65,LI65,3708
2671,2671,37051CC27,CC27,3708
2672,2672,37051G3,G3,3709
2673,2673,37051MR02,MR02,3708
2674,2674,37051SH77,SH77,3709
2675,2675,37051G1,G1,3709
2676,2676,37051CC14,CC14,3708
2677,2677,37051CC21,CC21,3708
2678,2678,37051G7,G7,3708
2679,2679,37051CC25,CC25,3708
2680,2680,37051CC03,CC03,3708
2681,2681,37051CC33,CC33,3708
2682,2682,37051CC32,CC32,3708
2683,2683,37051LR63,LR63,3708
2684,2684,37051MB62,MB62,3708
2685,2685,37051CC24,CC24,3708
2686,2686,37051CC29,CC29,3708
2687,2687,37051G5,G5,3708
2688,2688,37173ALARKA,ALARKA,3711
2689,2689,37173BC2,BC2,3711
2690,2690,37173BC1,BC1,3711
2691,2691,37173WHCH,WHCH,3711
