GEOID,IDNUM
46900248511,0
47903408622,1
294046777,2
325003B6306,3
46300038439,4
46300048440,5
46300058441,6
46300068442,7
46300078443,8
46300088444,9
46300098445,10
46300108446,11
46300118447,12
46300128448,13
46300138449,14
46300148450,15
4650010A8466,16
4650010B8467,17
46500118451,18
46500128452,19
46500138453,20
46500208454,21
46500218455,22
46500228456,23
46500238457,24
46500248458,25
46500308459,26
46500318460,27
46500328461,28
46500338462,29
46500408463,30
4650041A8468,31
4650041B8469,32
46500428464,33
46500438465,34
47500028560,35
475001E8561,36
475001W8562,37
475003N8563,38
475003S8564,39
475004E8565,40
475004M8566,41
475004W8567,42
47901228589,43
47901248590,44
47901258591,45
47901288592,46
47901298593,47
47901308594,48
47901328595,49
47901338596,50
47901348597,51
47901358598,52
47901368599,53
47901548600,54
47901648601,55
47902158602,56
47902188603,57
47902198604,58
47902208605,59
47902218606,60
47902268607,61
47902278608,62
47902318609,63
47902378610,64
47902398611,65
4790252A8656,66
4790252B8657,67
4790252C8658,68
47902558612,69
47902668613,70
23504005468,71
23501005465,72
23503005467,73
25930305740,74
25920205738,75
25930605742,76
25940505743,77
25940705744,78
25920805739,79
25941005745,80
25911105737,81
25930405741,82
25910105736,83
2592120A5746,84
16300013485,85
16300023486,86
16300033487,87
1630004A3493,88
1630004B3494,89
16300053488,90
16300063489,91
16300083490,92
16300093491,93
16300103492,94
20901104941,95
20901114942,96
20901124943,97
20901134944,98
20901204945,99
20901254946,100
20901274947,101
20901294948,102
20902214949,103
20902234950,104
20902244951,105
20902254952,106
20902264953,107
20902284954,108
20902294955,109
20902304956,110
20902324957,111
20902344958,112
20902364959,113
20903014961,114
20903154962,115
20903164963,116
20903174964,117
20903184965,118
20903304966,119
20903324967,120
20903334968,121
20903344969,122
20903354970,123
20903364971,124
20903374972,125
20903394973,126
20904134974,127
20904144975,128
20904154976,129
20904164977,130
20904174978,131
20904184979,132
20904194980,133
20904204981,134
2090421A4988,135
2090421B4989,136
20904404982,137
2090441A4990,138
20904474986,139
20904494987,140
291118361,141
291119362,142
291120363,143
291121364,144
291122365,145
291123366,146
291124367,147
291125368,148
291126369,149
291127370,150
291128371,151
291129372,152
291130373,153
291131374,154
291132375,155
291133376,156
291134377,157
291135378,158
291136379,159
291137380,160
291138381,161
291139382,162
292001383,163
292002384,164
292003385,165
292004386,166
292005387,167
292006388,168
292007389,169
292008390,170
292009391,171
292010392,172
292011393,173
292012394,174
292013395,175
292014396,176
292015397,177
292016398,178
292017399,179
292018400,180
292019401,181
292020402,182
292021403,183
292022404,184
292023405,185
292024406,186
292025407,187
292026408,188
292027409,189
292028410,190
292029411,191
292030412,192
292031413,193
292032414,194
292033415,195
292034416,196
292035417,197
292036418,198
292037419,199
292038420,200
292039421,201
292040422,202
292041423,203
292042424,204
292043425,205
292044426,206
292045427,207
292046428,208
292047429,209
292048430,210
292049431,211
292050432,212
292051433,213
292052434,214
292053435,215
292054436,216
292055437,217
292056438,218
292057439,219
292058440,220
292059441,221
292060442,222
292061443,223
292062444,224
292063445,225
292064446,226
292065447,227
292066448,228
292067449,229
292068450,230
292069451,231
292070452,232
292071453,233
292072454,234
292073455,235
292074456,236
292075457,237
292076458,238
292077459,239
292078460,240
292079461,241
292080462,242
292081463,243
292082464,244
292083465,245
292084466,246
292085467,247
292086468,248
292087469,249
292088470,250
292089471,251
292090472,252
292091473,253
292092474,254
292093475,255
292094476,256
292095477,257
292096478,258
292097479,259
292098480,260
292099481,261
292100482,262
292101483,263
294117848,264
294118849,265
294119850,266
294120851,267
294121852,268
294122853,269
294123854,270
294124855,271
294125856,272
294126857,273
294127858,274
294128859,275
294129860,276
294130861,277
294131862,278
294132863,279
294133864,280
294134865,281
294135866,282
294136867,283
294137868,284
294138869,285
294139870,286
294140871,287
294141872,288
294142873,289
294143874,290
294144875,291
294145876,292
294146877,293
294147878,294
294148879,295
294149880,296
294150881,297
294151882,298
294152883,299
294153884,300
294154885,301
294155886,302
294156887,303
294157888,304
294158889,305
294159890,306
294160891,307
294161892,308
294162893,309
294163894,310
294164895,311
294165896,312
294166897,313
294167898,314
294168899,315
294169900,316
294170901,317
294171902,318
294172903,319
294173904,320
294174905,321
294175906,322
294176907,323
294177908,324
294178909,325
294179910,326
294180911,327
294181912,328
294182913,329
294183914,330
294184915,331
294185916,332
294186917,333
294187918,334
294188919,335
294189920,336
294190921,337
294191922,338
294192923,339
294193924,340
294194925,341
294195926,342
294196927,343
294198928,344
294199929,345
294200930,346
294201931,347
294202932,348
294203933,349
294204934,350
294205935,351
294206936,352
294207937,353
294208938,354
294209939,355
294210940,356
294211941,357
294212942,358
294213943,359
294214944,360
294215945,361
294216946,362
294217947,363
294218948,364
294219949,365
294220950,366
310102957,367
310201958,368
310302959,369
310303960,370
310304961,371
310401962,372
291001244,373
291002245,374
291003246,375
291004247,376
291005248,377
291006249,378
291007250,379
291008251,380
291009252,381
291010253,382
291011254,383
291012255,384
291013256,385
291014257,386
291015258,387
291016259,388
291017260,389
291018261,390
291019262,391
291020263,392
291021264,393
291022265,394
291023266,395
291024267,396
291025268,397
291026269,398
291027270,399
291028271,400
291029272,401
291030273,402
291031274,403
291032275,404
291033276,405
291034277,406
291035278,407
291036279,408
291037280,409
291038281,410
291039282,411
291040283,412
291041284,413
291042285,414
291043286,415
291044287,416
291045288,417
291046289,418
291047290,419
291048291,420
291049292,421
291050293,422
291051294,423
291052295,424
291053296,425
291054297,426
291055298,427
291056299,428
291057300,429
291058301,430
291059302,431
291060303,432
291061304,433
291062305,434
291063306,435
291064307,436
291065308,437
291066309,438
291067310,439
291068311,440
291069312,441
291070313,442
291071314,443
291072315,444
291073316,445
291074317,446
291075318,447
291076319,448
291077320,449
291078321,450
291079322,451
291080323,452
291081324,453
291082325,454
291083326,455
291084327,456
291085328,457
291086329,458
291087330,459
291088331,460
291089332,461
291090333,462
291091334,463
291092335,464
291093336,465
291094337,466
291095338,467
291096339,468
291097340,469
291098341,470
291099342,471
291100343,472
291101344,473
291102345,474
291103346,475
291104347,476
291105348,477
291106349,478
291107350,479
291108351,480
291109352,481
291110353,482
291111354,483
291112355,484
291113356,485
291114357,486
291115358,487
291116359,488
291117360,489
5501001234,490
47903458627,491
4300011161,492
4300021162,493
4300031163,494
4300041164,495
4300051165,496
4300061166,497
4300071167,498
4300081168,499
4700011174,500
4700021175,501
4700031176,502
4700041177,503
4700051178,504
4700061179,505
4700071180,506
4700081181,507
4700091182,508
5300041217,509
5300191232,510
44300018055,511
4430002A8057,512
4430002B8058,513
44300038056,514
4430004A8059,515
4430004B8060,516
45102138101,517
45103588115,518
45104228120,519
45301018126,520
45301048129,521
45301058130,522
45301068131,523
45301148139,524
45301158140,525
45301168141,526
45301178142,527
45301188143,528
45301198144,529
45301208145,530
45301218146,531
45301228147,532
45301248149,533
45301258150,534
45301268151,535
45301288153,536
45301298154,537
45301318156,538
45301348159,539
45301388163,540
45301398164,541
45301408165,542
45301418166,543
45301518173,544
45301538175,545
45301548176,546
45301568177,547
45301648181,548
45302088188,549
45302098189,550
45302118191,551
292102484,552
292103485,553
6100531358,554
45302148194,555
45302178197,556
45302228202,557
45302238203,558
45302248204,559
45302488227,560
45302508229,561
45302518230,562
45302778246,563
45303018247,564
45303028248,565
45303038249,566
45303078253,567
45303088254,568
45303098255,569
45303108256,570
45303118257,571
45303138259,572
45303148260,573
45303158261,574
45303168262,575
45303178263,576
45303188264,577
45303248269,578
45303258270,579
45303298274,580
45303308275,581
45303328277,582
45303388283,583
45303398284,584
45303408285,585
45303418286,586
45303428287,587
45303448289,588
45303478292,589
45303498293,590
45303508294,591
45303518295,592
45303528296,593
45303548297,594
45303568298,595
45303578299,596
45303588300,597
45303608302,598
45303618303,599
45303628304,600
45303638305,601
45303648306,602
45303658307,603
45303668308,604
45303688310,605
35500296637,606
35500166624,607
35501146721,608
35501216728,609
35500046612,610
35500956702,611
35500636671,612
35500986705,613
35501066713,614
35501126719,615
35501196726,616
35500056613,617
35500946701,618
35501226729,619
35501176724,620
35500076615,621
35500796687,622
35500526660,623
35500996706,624
35500826690,625
35500916699,626
35500086616,627
35501116718,628
35500106618,629
35500236631,630
35500126620,631
35500256633,632
35500116619,633
35500366644,634
35501056712,635
35501086715,636
35500276635,637
35500556663,638
35500136621,639
35500146622,640
35500226630,641
35501026709,642
35500156623,643
35500346642,644
35500246632,645
35500266634,646
35501206727,647
35500176625,648
35500906698,649
35500406648,650
35500816689,651
35500426650,652
35500586666,653
35500216629,654
35500936700,655
35500206628,656
35501186725,657
35500376645,658
35500446652,659
35500606668,660
35500616669,661
35500756683,662
35500786686,663
35500676675,664
35500476655,665
35500316639,666
35500706678,667
35500326640,668
35501246731,669
35501006707,670
35500356643,671
35500546662,672
35501046711,673
35500856693,674
5501011235,675
5501021236,676
5501031237,677
5501041238,678
5501051239,679
5501071240,680
5501081241,681
5501091242,682
5501101243,683
5501111244,684
5501121245,685
5501131246,686
5501141247,687
5501151248,688
5501161249,689
5501171250,690
5501181251,691
5502011252,692
5502021253,693
5502031254,694
5502041255,695
5502051256,696
5502061257,697
5503011258,698
5503021259,699
5503031260,700
5503051261,701
5503061262,702
5503071263,703
5504001264,704
5504011265,705
5504021266,706
5504041267,707
5504051268,708
5504071269,709
5504081270,710
5504091271,711
5504101272,712
5504121273,713
5700011274,714
5700021275,715
5700031276,716
5700041277,717
5700051278,718
5700061279,719
5700071280,720
5700081281,721
5700091282,722
5700101283,723
5700111284,724
5700121285,725
5700131286,726
5700141287,727
5700151288,728
5700161289,729
5700171290,730
5700181291,731
5700191292,732
5700201293,733
5700211294,734
5700221295,735
5700231296,736
5700241297,737
5700251298,738
6100011306,739
6100021307,740
6100031308,741
6100041309,742
6100051310,743
6100061311,744
6100071312,745
6100081313,746
6100091314,747
6100101315,748
6100111316,749
6100121317,750
6100131318,751
6100141319,752
6100151320,753
6100161321,754
6100171322,755
6100181323,756
6100191324,757
6100201325,758
6100211326,759
6100221327,760
6100231328,761
6100241329,762
6100251330,763
6100261331,764
6100271332,765
6100281333,766
6100291334,767
6100301335,768
6100311336,769
6100321337,770
6100331338,771
6100341339,772
6100351340,773
6100361341,774
6100371342,775
6100381343,776
6100391344,777
6100401345,778
6100411346,779
6100421347,780
6100431348,781
6100441349,782
6100451350,783
6100461351,784
6100471352,785
6100481353,786
6100491354,787
6100501355,788
6100511356,789
6100521357,790
6100541359,791
6100551360,792
6100561361,793
6100571362,794
6100581363,795
6100591364,796
6100601365,797
6100611366,798
6100621367,799
6100631368,800
6100641369,801
6100651370,802
6100661371,803
6100671372,804
6100681373,805
6100691374,806
6100701375,807
6100711376,808
6100721377,809
6100731378,810
6100741379,811
6100751380,812
6100761381,813
6100771382,814
6100781383,815
6100791384,816
6100801385,817
6100811386,818
6100821387,819
6100831388,820
6100841389,821
6100851390,822
6100861391,823
6100871392,824
6100951393,825
6100961394,826
6100971395,827
6100981396,828
6100991397,829
6101001398,830
6101011399,831
6101021400,832
6101031401,833
6101041402,834
6101051403,835
6101061404,836
6101071405,837
6101081406,838
6101091407,839
35500416649,840
35500626670,841
35500836691,842
35500576665,843
35500436651,844
35500566664,845
35500766684,846
35500776685,847
35500456653,848
35500466654,849
35500486656,850
35500846692,851
35500496657,852
35500336641,853
35500016609,854
35500866694,855
35500506658,856
35500666674,857
35500596667,858
35500516659,859
35500306638,860
35500386646,861
35501036710,862
35500396647,863
35501096716,864
35500026610,865
35500536661,866
35500686676,867
35500966703,868
35500976704,869
35500876695,870
35501156722,871
35500696677,872
35500646672,873
35500656673,874
35501166723,875
35500036611,876
35500886696,877
35500726680,878
35500896697,879
35500716679,880
35500736681,881
35500746682,882
35500806688,883
35501136720,884
35501236730,885
35501076714,886
35500096617,887
35501106717,888
35500286636,889
35501016708,890
35500196627,891
3550092A6735,892
3550092B6736,893
35501276734,894
35500066614,895
35501266733,896
35500186626,897
35501256732,898
41300017161,899
41300027162,900
41300037163,901
41300047164,902
46900158502,903
46900048491,904
46900058492,905
46900328519,906
46900078494,907
46900068493,908
46900308517,909
46900268513,910
46900288515,911
46900108497,912
46900298516,913
46900278514,914
46900128499,915
46900138500,916
46900168503,917
46900348521,918
46900118498,919
46900318518,920
46900018488,921
46900038490,922
46900028489,923
46900148501,924
46900178504,925
46900198506,926
46900188505,927
46900238510,928
46900258512,929
46900218508,930
46900228509,931
46900338520,932
46900098496,933
46900358522,934
46900088495,935
46900208507,936
45304018318,937
45304028319,938
45304038320,939
45304048321,940
45304058322,941
45304068323,942
45304078324,943
45304088325,944
45304098326,945
45304108327,946
45304118328,947
45304128329,948
45304138330,949
45304148331,950
45304158332,951
45304168333,952
45304178334,953
45304188335,954
45304198336,955
45304208337,956
45304218338,957
45304228339,958
45304238340,959
45304248341,960
45304258342,961
45304268343,962
45304278344,963
45304288345,964
45304298346,965
45304308347,966
45304318348,967
45304328349,968
45304338350,969
45304348351,970
45304358352,971
45304368353,972
45304378354,973
45304388355,974
45304398356,975
45304408357,976
45304418358,977
45304428359,978
45304438360,979
45304448361,980
45304468362,981
45304478363,982
45304488364,983
45304508365,984
45304518366,985
45304528367,986
45304548368,987
45304588369,988
45304608370,989
45304618371,990
45304638372,991
46100018431,992
46100028432,993
46100038433,994
46100048434,995
46100058435,996
46100068436,997
46300018437,998
46300028438,999
2592120B5747,1000
14100343061,1001
14100353062,1002
14100363063,1003
14100373064,1004
14100383065,1005
14100393066,1006
14100403067,1007
14100413068,1008
14100423069,1009
14100433070,1010
14100443071,1011
14100453072,1012
14100463073,1013
14100473074,1014
14100483075,1015
14100493076,1016
14100503077,1017
14100513078,1018
14100523079,1019
14100533080,1020
14100543081,1021
14100553082,1022
14100563083,1023
14100573084,1024
14100583085,1025
14100593086,1026
14100603087,1027
14100613088,1028
14100623089,1029
14100633090,1030
14100643091,1031
14100653092,1032
14100663093,1033
14100673094,1034
14100683095,1035
14100693096,1036
14100703097,1037
14100713098,1038
14100723099,1039
14100733100,1040
14100743101,1041
14100753102,1042
14100763103,1043
14100773104,1044
14100783105,1045
14100793106,1046
14100803107,1047
14100813108,1048
14100823109,1049
14100833110,1050
14100843111,1051
14100853112,1052
14100863113,1053
14100873114,1054
14100883115,1055
14100893116,1056
14100903117,1057
14100913118,1058
14100923119,1059
14100933120,1060
14100943121,1061
14100953122,1062
14100963123,1063
14100973124,1064
14100983125,1065
14100993126,1066
14101003127,1067
14101013128,1068
14101023129,1069
14101033130,1070
14101043131,1071
14101053132,1072
14101063133,1073
14101073134,1074
14101083135,1075
14101093136,1076
14101103137,1077
14101113138,1078
14101123139,1079
14101133140,1080
14101143141,1081
14101153142,1082
14101163143,1083
14101173144,1084
14101183145,1085
14101193146,1086
14101203147,1087
14101213148,1088
14101223149,1089
14101233150,1090
14101243151,1091
14101253152,1092
14101263153,1093
14101273154,1094
14101283155,1095
14101293156,1096
14101303157,1097
14101313158,1098
14101323159,1099
14101333160,1100
14101343161,1101
14101353162,1102
14101363163,1103
14101373164,1104
14101383165,1105
14101393166,1106
14101403167,1107
14101413168,1108
14101423169,1109
14101433170,1110
14101443171,1111
14101453172,1112
14101463173,1113
14101473174,1114
14101483175,1115
14101493176,1116
14101503177,1117
14101513178,1118
14101523179,1119
14101533180,1120
14101543181,1121
14101553182,1122
14101563183,1123
14101583185,1124
14101593186,1125
14101603187,1126
14101613188,1127
14101623189,1128
14101633190,1129
14101643191,1130
14101653192,1131
14101663193,1132
14101673194,1133
14101683195,1134
14101693196,1135
14101703197,1136
14101713198,1137
14101723199,1138
14101733200,1139
14101743201,1140
14101753202,1141
14101763203,1142
14101773204,1143
14101783205,1144
14101793206,1145
14101803207,1146
14101813208,1147
14101823209,1148
14101833210,1149
14101843211,1150
14101853212,1151
14101863213,1152
14101873214,1153
14101883215,1154
14101893216,1155
14101903217,1156
14101913218,1157
14900153282,1158
14900163283,1159
14900173284,1160
14900253293,1161
21502025223,1162
21502035224,1163
21502045225,1164
21502055226,1165
21502065227,1166
21502075228,1167
21502095229,1168
21502105230,1169
21502115231,1170
21502125232,1171
21502135233,1172
21502155234,1173
21502165235,1174
21502175236,1175
21502185237,1176
21502195238,1177
21502205239,1178
21502215240,1179
21502225241,1180
21502235242,1181
21502245243,1182
21502255244,1183
21502265245,1184
21502275246,1185
21502285247,1186
21502295248,1187
21502305249,1188
21502315250,1189
21502325251,1190
21502335252,1191
21502345253,1192
21502355254,1193
21502365255,1194
21502375256,1195
21502385257,1196
21502395258,1197
21502405259,1198
21502415260,1199
21502425261,1200
21502435262,1201
21502445263,1202
2150245A5292,1203
2150245B5293,1204
21502465264,1205
21502475265,1206
21502485266,1207
21502495267,1208
21502505268,1209
21502515269,1210
21502525270,1211
21502535271,1212
21502545272,1213
21502555273,1214
21502565274,1215
21502575275,1216
37100016883,1217
37100026884,1218
37100036885,1219
37100046886,1220
37100056887,1221
37100066888,1222
37100076889,1223
37100096890,1224
37100106891,1225
37700016937,1226
37700026938,1227
37700036939,1228
37700046940,1229
37700056941,1230
37700066942,1231
37700076943,1232
38300016974,1233
38300026975,1234
3830003A6977,1235
3830003B6978,1236
38300046976,1237
38500016979,1238
38500026980,1239
38500036981,1240
38500046982,1241
38500066983,1242
38500076984,1243
38900017007,1244
38900027008,1245
38900037009,1246
38900047010,1247
38900057011,1248
38900067012,1249
38900077013,1250
38900087014,1251
38900107015,1252
38900117016,1253
38900127017,1254
39100017018,1255
39100027019,1256
39100037020,1257
39100047021,1258
391001A7022,1259
391002A7023,1260
391002B7024,1261
391003A7025,1262
391004A7026,1263
391004B7027,1264
40901017129,1265
40901027130,1266
40901037131,1267
40901047132,1268
40901057133,1269
40901067134,1270
40901077135,1271
40901087136,1272
40901097137,1273
40901107138,1274
40901117139,1275
40901127140,1276
40901137141,1277
40901147142,1278
40901157143,1279
40901167144,1280
40901177145,1281
40901187146,1282
40901197147,1283
40901207148,1284
40901217149,1285
40901227150,1286
40901237151,1287
40901247152,1288
40901257153,1289
42700017282,1290
42700027283,1291
42700037284,1292
42700047285,1293
42700057286,1294
42700067287,1295
42700077288,1296
42700087289,1297
42700097290,1298
42700107291,1299
4310001A7304,1300
43501017314,1301
43502017315,1302
43503017316,1303
43504017317,1304
292104486,1305
292105487,1306
292106488,1307
292107489,1308
292108490,1309
292109491,1310
292110492,1311
292111493,1312
292112494,1313
292113495,1314
292114496,1315
292115497,1316
292116498,1317
292117499,1318
292118500,1319
292119501,1320
292120502,1321
292121503,1322
292122504,1323
292123505,1324
292124506,1325
292125507,1326
292126508,1327
292127509,1328
292128510,1329
292129511,1330
292130512,1331
292131513,1332
292132514,1333
292133515,1334
292134516,1335
292135517,1336
292136518,1337
292137519,1338
292138520,1339
292139521,1340
292140522,1341
292141523,1342
292142524,1343
292143525,1344
292144526,1345
292145527,1346
292146528,1347
292147529,1348
292148530,1349
292149531,1350
292150532,1351
292151533,1352
292152534,1353
292153535,1354
292154536,1355
292155537,1356
292156538,1357
292157539,1358
292158540,1359
292159541,1360
292160542,1361
292161543,1362
292162544,1363
293001545,1364
293002546,1365
293003547,1366
293004548,1367
293005549,1368
293006550,1369
293007551,1370
293008552,1371
293009553,1372
293010554,1373
293011555,1374
293012556,1375
293013557,1376
293014558,1377
293015559,1378
293016560,1379
293017561,1380
293018562,1381
293019563,1382
293020564,1383
293021565,1384
293022566,1385
293023567,1386
293024568,1387
293025569,1388
293026570,1389
293027571,1390
293028572,1391
293029573,1392
293030574,1393
293031575,1394
293032576,1395
293033577,1396
293034578,1397
293035579,1398
293036580,1399
293037581,1400
293038582,1401
293039583,1402
293040584,1403
293041585,1404
293042586,1405
293043587,1406
293044588,1407
293045589,1408
293046590,1409
293047591,1410
293048592,1411
293049593,1412
293050594,1413
293051595,1414
293052596,1415
293053597,1416
293054598,1417
293055599,1418
293056600,1419
293057601,1420
293058602,1421
293059603,1422
293060604,1423
293061605,1424
293062606,1425
293063607,1426
293064608,1427
18701013723,1428
1870102A3791,1429
1870102B3792,1430
18701033724,1431
18701043725,1432
18701053726,1433
18701063727,1434
18701073728,1435
18701083729,1436
18701093730,1437
18701103731,1438
18701113732,1439
18701123733,1440
18701133734,1441
18701143735,1442
18701153736,1443
18701163737,1444
18701173738,1445
18701183739,1446
18701193740,1447
18701203741,1448
18701213742,1449
18701223743,1450
18701233744,1451
18701243745,1452
18701253746,1453
18701263747,1454
18701273748,1455
18702013749,1456
18702023750,1457
18702033751,1458
18702043752,1459
18702053753,1460
18702063754,1461
18702073755,1462
18702083756,1463
18702093757,1464
18702103758,1465
18702113759,1466
18702123760,1467
18702133761,1468
18702143762,1469
18702153763,1470
18702163764,1471
18702173765,1472
18702183766,1473
18702193767,1474
18702203768,1475
18702213769,1476
18702223770,1477
18702233771,1478
18702243772,1479
18702253773,1480
18702263774,1481
18703013775,1482
18703023776,1483
18703033777,1484
18703043778,1485
18703053779,1486
18703063780,1487
18704013781,1488
18704023782,1489
18704033783,1490
18704043784,1491
18704053785,1492
18704063786,1493
18704073787,1494
18704083788,1495
18704093789,1496
18704103790,1497
8901021744,1498
8901031745,1499
8902011746,1500
8902021747,1501
8904021754,1502
9502051798,1503
17100013602,1504
17100023603,1505
17100033604,1506
17100043605,1507
17100053606,1508
17100063607,1509
17100073608,1510
17100083609,1511
17100093610,1512
17100103611,1513
17100123612,1514
17100133613,1515
17100153614,1516
17300013615,1517
17300023616,1518
17500113619,1519
17500123620,1520
17500213621,1521
17500223622,1522
17500313623,1523
17500323624,1524
17500413625,1525
17500423626,1526
17500433627,1527
17700013628,1528
17700023629,1529
17700033630,1530
17700053631,1531
17700073632,1532
17700083633,1533
17700093634,1534
17700103635,1535
17700113636,1536
17700123637,1537
17700133638,1538
17700143639,1539
17700153640,1540
17704/63641,1541
21500015027,1542
21500025028,1543
21500035029,1544
21500045030,1545
21500055031,1546
21500065032,1547
21500075033,1548
21500085034,1549
21500095035,1550
21500105036,1551
21500115037,1552
21500125038,1553
21500135039,1554
21500145040,1555
21500155041,1556
21500165042,1557
21500175043,1558
21500185044,1559
21500195045,1560
21500205046,1561
21500215047,1562
21500225048,1563
21500235049,1564
21500245050,1565
21500255051,1566
21500265052,1567
21500275053,1568
21500285054,1569
21500295055,1570
21500305056,1571
21500315057,1572
21500325058,1573
21500335059,1574
21500345060,1575
21500355061,1576
21500365062,1577
21500375063,1578
21500385064,1579
21500395065,1580
21500405066,1581
21500415067,1582
21500425068,1583
21500435069,1584
21500445070,1585
21500455071,1586
21500465072,1587
21500475073,1588
21500485074,1589
21500495075,1590
21500505076,1591
21500515077,1592
21500525078,1593
21500535079,1594
21500545080,1595
21500555081,1596
21500565082,1597
21500575083,1598
21500585084,1599
21500595085,1600
21500605086,1601
21500615087,1602
21500625088,1603
21500635089,1604
21500645090,1605
21500655091,1606
21500665092,1607
21500675093,1608
21500685094,1609
21500695095,1610
21500705096,1611
2150071A5276,1612
2150071B5277,1613
21500725097,1614
21500735098,1615
21500745099,1616
21500755100,1617
21500765101,1618
21500775102,1619
21500785103,1620
21500795104,1621
21500805105,1622
21500815106,1623
21500825107,1624
21500835108,1625
21500845109,1626
21500855110,1627
21500865111,1628
21500875112,1629
21500885113,1630
21500895114,1631
47902678614,1632
47902688615,1633
47903088616,1634
47903098617,1635
47903108618,1636
47903118619,1637
47903128620,1638
47903388621,1639
47903418623,1640
47903428624,1641
47903438625,1642
47903448626,1643
47903498628,1644
47903508629,1645
47903518630,1646
47903568631,1647
47903598632,1648
27300425810,1649
47903618634,1650
47903628635,1651
47903638636,1652
47904018637,1653
47904028638,1654
47904038639,1655
47904048640,1656
47904058641,1657
47904068642,1658
47904078643,1659
47904138644,1660
47904148645,1661
47904168646,1662
47904178647,1663
47904238648,1664
47904468649,1665
47904478650,1666
47904488651,1667
47904538652,1668
47904578653,1669
47904588654,1670
47904658655,1671
4810101A8670,1672
4810101B8671,1673
48101028659,1674
48101038660,1675
48102018661,1676
48102028662,1677
48102038663,1678
48103018664,1679
48103028665,1680
48103038666,1681
48104018667,1682
48104028668,1683
48104038669,1684
48900018751,1685
4890002A8762,1686
4890002B8763,1687
48900038752,1688
48900048753,1689
48900058754,1690
48900068755,1691
48900078756,1692
48900088757,1693
48900098758,1694
48900108759,1695
48900118760,1696
48900128761,1697
49301018853,1698
49301028854,1699
49301038855,1700
49301048856,1701
49302058857,1702
49302068858,1703
49302078859,1704
49302088860,1705
49302098861,1706
49303108862,1707
49303118863,1708
49303128864,1709
49303138865,1710
49304148866,1711
49304158867,1712
49304168868,1713
49501018869,1714
49502018870,1715
49502028871,1716
49503018872,1717
49504018873,1718
50700018936,1719
50700028937,1720
50700038938,1721
50700048939,1722
507001A8940,1723
507004A8941,1724
3900021024,1725
3900101032,1726
3900141036,1727
3900331054,1728
293065609,1729
293066610,1730
293067611,1731
293068612,1732
293069613,1733
293070614,1734
293071615,1735
293072616,1736
293073617,1737
293074618,1738
293075619,1739
293076620,1740
293077621,1741
293078622,1742
293079623,1743
293080624,1744
293081625,1745
293082626,1746
293083627,1747
293084628,1748
293085629,1749
293086630,1750
293087631,1751
293088632,1752
293089633,1753
293090634,1754
293091635,1755
293092636,1756
293093637,1757
293094638,1758
293095639,1759
293096A951,1760
293096B952,1761
293097640,1762
293098641,1763
293099642,1764
293100643,1765
293101644,1766
293102645,1767
293103646,1768
293104647,1769
293105648,1770
293106649,1771
293107650,1772
293108651,1773
293109652,1774
293110653,1775
293111654,1776
293112655,1777
293113656,1778
293114657,1779
293115658,1780
293116659,1781
293117660,1782
293118661,1783
293119662,1784
293120663,1785
293121664,1786
293122665,1787
293123666,1788
293124667,1789
293125668,1790
293126669,1791
293127670,1792
293128671,1793
293129672,1794
293130673,1795
293131674,1796
293132675,1797
293133676,1798
293134677,1799
293135678,1800
293136679,1801
293137680,1802
293138681,1803
293139682,1804
293140683,1805
293141684,1806
293142685,1807
293143686,1808
293144687,1809
293145688,1810
293146689,1811
293147690,1812
293148691,1813
293149692,1814
293150693,1815
293151694,1816
293152695,1817
293153696,1818
293154697,1819
293155698,1820
293156699,1821
293157700,1822
293158A953,1823
293158B954,1824
293159701,1825
293160702,1826
293161703,1827
293162704,1828
293163705,1829
293164706,1830
293165707,1831
293166708,1832
293167709,1833
293168710,1834
293169711,1835
293170712,1836
293171713,1837
293172714,1838
293173715,1839
293174716,1840
293175717,1841
293176718,1842
293178719,1843
293179720,1844
293180721,1845
293181722,1846
293182723,1847
293183724,1848
293184725,1849
293185726,1850
10300011854,1851
10300021855,1852
10300031856,1853
10300041857,1854
10500011858,1855
10500021859,1856
10500031860,1857
10500041861,1858
10900011866,1859
10900021867,1860
10900041868,1861
10903-31869,1862
10903-51870,1863
12301012886,1864
12301022887,1865
12302012888,1866
12302022889,1867
12302032890,1868
12303012891,1869
12303022892,1870
12303032893,1871
12304012894,1872
12304022895,1873
12700012904,1874
12700022905,1875
12700032906,1876
12700042907,1877
12700052908,1878
12700062909,1879
12700072910,1880
13100012917,1881
13100022918,1882
13100032919,1883
13100042920,1884
13100052921,1885
13100062922,1886
13100072923,1887
13100082924,1888
13100092925,1889
14101573184,1890
293186727,1891
293187728,1892
293188A955,1893
293188B956,1894
293189729,1895
293190730,1896
293191731,1897
294001732,1898
294002733,1899
294003734,1900
294004735,1901
294005736,1902
294006737,1903
294007738,1904
294008739,1905
294009740,1906
294010741,1907
294011742,1908
294012743,1909
294013744,1910
294014745,1911
294015746,1912
294016747,1913
294017748,1914
294018749,1915
294019750,1916
294020751,1917
294021752,1918
294022753,1919
294023754,1920
294024755,1921
294025756,1922
294026757,1923
294027758,1924
294028759,1925
294029760,1926
294030761,1927
294031762,1928
294032763,1929
294033764,1930
294034765,1931
294035766,1932
294036767,1933
294037768,1934
294038769,1935
294039770,1936
294040771,1937
294041772,1938
294042773,1939
294043774,1940
294044775,1941
294045776,1942
294047778,1943
294048779,1944
294049780,1945
294050781,1946
294051782,1947
294052783,1948
294053784,1949
294054785,1950
294055786,1951
294056787,1952
294057788,1953
294058789,1954
294059790,1955
294060791,1956
294061792,1957
294062793,1958
294063794,1959
294064795,1960
294065796,1961
294066797,1962
294067798,1963
294068799,1964
294069800,1965
294070801,1966
294071802,1967
294072803,1968
294073804,1969
294074805,1970
294075806,1971
294076807,1972
294077808,1973
294078809,1974
294079810,1975
294080811,1976
294081812,1977
294082813,1978
294083814,1979
294084815,1980
294085816,1981
294086817,1982
294087818,1983
294088819,1984
294089820,1985
294090821,1986
294091822,1987
294092823,1988
294093824,1989
294094825,1990
294095826,1991
294096827,1992
294097828,1993
294098829,1994
294099830,1995
294100831,1996
294101832,1997
294102833,1998
294103834,1999
294104835,2000
294105836,2001
294106837,2002
294107838,2003
294108839,2004
294109840,2005
294110841,2006
294111842,2007
294112843,2008
294113844,2009
294114845,2010
294115846,2011
294116847,2012
13501092942,2013
13504042968,2014
13504092973,2015
13700012975,2016
13700022976,2017
13700032977,2018
13700042978,2019
14100013028,2020
14100023029,2021
14100033030,2022
14100043031,2023
14100053032,2024
14100063033,2025
14100073034,2026
14100083035,2027
14100093036,2028
14100103037,2029
14100113038,2030
14100123039,2031
14100133040,2032
14100143041,2033
14100153042,2034
14100163043,2035
14100173044,2036
14100183045,2037
14100193046,2038
14100203047,2039
14100213048,2040
14100223049,2041
14100233050,2042
14100243051,2043
14100253052,2044
14100263053,2045
14100273054,2046
14100283055,2047
14100293056,2048
14100303057,2049
14100313058,2050
14100323059,2051
14100333060,2052
47903608633,2053
3000426,2054
7000171,2055
7000272,2056
7000373,2057
7000474,2058
7001A75,2059
7004A76,2060
13000196,2061
13000297,2062
13000398,2063
13000499,2064
130005100,2065
130006101,2066
130007102,2067
130008103,2068
130009104,2069
130010105,2070
130011106,2071
130012107,2072
130013108,2073
130014109,2074
130015110,2075
130016111,2076
130017112,2077
130018113,2078
24700015618,2079
24700025619,2080
24700035620,2081
24700045621,2082
24700055622,2083
24900015623,2084
24900025624,2085
24900035625,2086
24900045626,2087
24900055627,2088
24900065628,2089
24900075629,2090
24900085630,2091
24900095631,2092
24900105632,2093
24900115633,2094
24900125634,2095
24900135635,2096
24900145636,2097
24900155637,2098
24900165638,2099
24900175639,2100
24900185640,2101
24900195641,2102
24900205642,2103
24900225643,2104
25500015691,2105
25500025692,2106
25500035693,2107
25500045694,2108
25500055695,2109
25500065696,2110
25500075697,2111
25500085698,2112
25500095699,2113
25500105700,2114
25500115701,2115
25500125702,2116
25500135703,2117
25500145704,2118
25500155705,2119
26100015748,2120
26100025749,2121
26100035750,2122
26100045751,2123
26100055752,2124
26100065753,2125
26501015760,2126
26501075761,2127
26501095762,2128
26501135763,2129
26501185764,2130
26501195765,2131
26502025766,2132
26502115767,2133
26502155768,2134
26502205769,2135
26503035770,2136
26503085771,2137
26503125772,2138
26503145773,2139
26504045774,2140
26504055775,2141
26504065776,2142
26504105777,2143
26504165778,2144
26504175779,2145
26700015780,2146
26700035782,2147
26700075785,2148
26700095786,2149
27100015792,2150
27100025793,2151
27100035794,2152
27100045795,2153
27300115796,2154
27300125797,2155
27300135798,2156
27300145799,2157
27300215800,2158
27300225801,2159
27300235802,2160
27300245803,2161
27300315804,2162
27300325805,2163
27300335806,2164
27300345807,2165
27300355808,2166
27300415809,2167
27300435811,2168
27300445812,2169
27300455813,2170
130019114,2171
130020115,2172
130021116,2173
130022117,2174
130023118,2175
130024119,2176
150415134,2177
190101143,2178
190102144,2179
190203145,2180
190204146,2181
190305147,2182
190306148,2183
190407149,2184
190408150,2185
190409151,2186
190410152,2187
211001153,2188
211002154,2189
211003155,2190
212005157,2191
212006158,2192
212007159,2193
212008160,2194
212009161,2195
213012164,2196
213013165,2197
213014166,2198
213015167,2199
213016168,2200
214019171,2201
250001178,2202
250002179,2203
250003180,2204
250004181,2205
250005182,2206
250006183,2207
250008184,2208
250009185,2209
250010186,2210
250011187,2211
250012188,2212
250013189,2213
250014190,2214
250016191,2215
250017192,2216
250018193,2217
250019194,2218
28300015873,2219
28300025874,2220
28300035875,2221
28300045876,2222
28300055877,2223
28300065878,2224
283003A5879,2225
28500015880,2226
28500025881,2227
28500075882,2228
28500085883,2229
28500095884,2230
28500115885,2231
28500125886,2232
28500155887,2233
28500165888,2234
28500175889,2235
28500195890,2236
28500205891,2237
28500235892,2238
28500265893,2239
28500275894,2240
28500295895,2241
28500305896,2242
28500315897,2243
28500325898,2244
29700015990,2245
29700025991,2246
29700035992,2247
29700045993,2248
29700055994,2249
29700065995,2250
29700075996,2251
29700085997,2252
29700095998,2253
29700105999,2254
29700116000,2255
29700126001,2256
29700136002,2257
29700146003,2258
29901016004,2259
29901026005,2260
29901096007,2261
29904106012,2262
30100016013,2263
30100026014,2264
30100036015,2265
30100046016,2266
31100016234,2267
31100036235,2268
311002A6236,2269
311002B6237,2270
311004A6238,2271
311004B6239,2272
31901016260,2273
31904056263,2274
32100026264,2275
32100046265,2276
32100056266,2277
32100066267,2278
32100076268,2279
32100086269,2280
32100096270,2281
32100106271,2282
32100126272,2283
32100136273,2284
321001A6274,2285
321001B6275,2286
321001C6276,2287
321001D6277,2288
321001E6278,2289
321001F6279,2290
321003A6280,2291
321003B6281,2292
323001A6282,2293
323001B6283,2294
323001C6284,2295
323002A6285,2296
323002BA6295,2297
323002BB6296,2298
323002BC6297,2299
323002C6286,2300
323002D6287,2301
323003A6288,2302
323003B6289,2303
323003C6290,2304
323004A6291,2305
323004B6292,2306
323004C6293,2307
323004D6294,2308
325001A6298,2309
325001B6299,2310
325001C6300,2311
325001D6301,2312
325002A6302,2313
325002B6303,2314
325002C6304,2315
325003A6305,2316
325003C6307,2317
325003D6308,2318
325004A6309,2319
325004B6310,2320
325004C6311,2321
32700036314,2322
3290101A6358,2323
32903026338,2324
24300015504,2325
24300025505,2326
24300035506,2327
24300045507,2328
24300055508,2329
22900015418,2330
22900025419,2331
22900045420,2332
229003N5421,2333
229003S5422,2334
23900015475,2335
23900025476,2336
23900035477,2337
23900045478,2338
23900055479,2339
23900065480,2340
23900075481,2341
23900085482,2342
23900095483,2343
21500905115,2344
21500915116,2345
21500925117,2346
21500935118,2347
21500945119,2348
21500955120,2349
21500965121,2350
2150097A5278,2351
2150097B5279,2352
21500985122,2353
21500995123,2354
21501005124,2355
21501015125,2356
21501025126,2357
21501035127,2358
21501045128,2359
21501055129,2360
21501065130,2361
21501075131,2362
21501085132,2363
21501095133,2364
21501105134,2365
21501115135,2366
21501125136,2367
21501135137,2368
21501145138,2369
21501155139,2370
21501165140,2371
21501175141,2372
21501185142,2373
21501195143,2374
21501205144,2375
21501215145,2376
21501225146,2377
21501235147,2378
21501245148,2379
21501255149,2380
21501265150,2381
21501275151,2382
21501285152,2383
21501295153,2384
21501305154,2385
21501315155,2386
21501325156,2387
21501335157,2388
21501345158,2389
21501355159,2390
21501365160,2391
21501375161,2392
21501385162,2393
21501395163,2394
21501405164,2395
21501415165,2396
21501425166,2397
21501435167,2398
21501445168,2399
21501455169,2400
21501465170,2401
21501475171,2402
21501485172,2403
21501495173,2404
21501505174,2405
21501515175,2406
21501525176,2407
21501535177,2408
21501545178,2409
21501555179,2410
21501565180,2411
21501575181,2412
21501585182,2413
21501595183,2414
21501605184,2415
21501615185,2416
21501625186,2417
21501635187,2418
21501645188,2419
21501655189,2420
21501665190,2421
21501675191,2422
21501685192,2423
21501695193,2424
21501705194,2425
21501715195,2426
21501725196,2427
21501735197,2428
21501745198,2429
21501755199,2430
21501765200,2431
2150177A5280,2432
2150177B5281,2433
21501785201,2434
21501795202,2435
21501805203,2436
21501815204,2437
21501825205,2438
21501835206,2439
21501845207,2440
21501855208,2441
21501865209,2442
21501875210,2443
21501885211,2444
21501895212,2445
21501905213,2446
21501915214,2447
21501925215,2448
21501935216,2449
2150194A5282,2450
2150194B5283,2451
2150194C5284,2452
2150194D5285,2453
21501955217,2454
21501965218,2455
21501975219,2456
2150198A5286,2457
2150198B5287,2458
2150198C5288,2459
2150198D5289,2460
2150198E5290,2461
2150198F5291,2462
21501995220,2463
21502005221,2464
21502015222,2465
9104061775,2466
9104041773,2467
9103051769,2468
9103041768,2469
9102011760,2470
9104011770,2471
9103031767,2472
9103021766,2473
9102041762,2474
15710243321,2475
15710083314,2476
15710023311,2477
15710683329,2478
15710103315,2479
9101041758,2480
9103011765,2481
9101011755,2482
9104021771,2483
9104031772,2484
9102061764,2485
9102021761,2486
9104051774,2487
9101021756,2488
910105A1776,2489
9101031757,2490
9102051763,2491
9101061759,2492
910203A1778,2493
50500018929,2494
505001A8933,2495
505002A8935,2496
505001B8934,2497
50500038931,2498
50500028930,2499
50500048932,2500
910105B1777,2501
910203B1779,2502
