CD,GEOID10
10,37149WO06
10,37149SA04
10,37149TR123
10,37149CL07
10,37149GC09
10,37149CG05
10,37149CL08
8,3715916
8,3715920
8,3715944
8,3715909
13,3715945
8,3715903
8,3715913
8,3715914
8,3715946
13,3715907
13,3715941
13,37097CS
13,37097BA
13,37097CC3
1,37015C2
1,37015M1
1,37015C1
1,37015MH
1,37015W2
1,37015W1
1,37015M2
1,37015SN
5,3718903
5,3718904
5,3718913
5,3718917
5,3718909
5,3718912
5,3718905
5,3718915
5,3718920
5,3718919
5,3718914
5,3718907
5,3718918
5,3718910
5,3718911
5,3718901
5,3718908
5,3718902
5,3718916
5,3718906
5,3701112
5,3701101
5,3701103
5,3701102
6,37033PELH
6,37033LOCU
6,37033PROVI
6,37033STON
6,37033YAN2
5,3701105
5,3701109
5,3701118
5,3701119
5,3701110
5,3701104
5,3701117
6,37033YAN4
6,37033MILT
6,37033LEAS
6,37033HIGH
6,37033PROS
6,37033ANDE
1,37015WH
1,37015WD
1,37015RX
1,37015IW
5,3701106
5,3701108
5,3701114
5,3701113
5,3701116
5,3701115
5,3701107
5,3701111
8,3709362
8,3709301
8,3709302
8,3709363
8,3709306
8,3709305
8,3709313
8,3709312
8,3709303
8,3709361
8,3709365
8,3709364
8,3709304
13,3715932
8,3715925
13,3715927
13,3715911
8,3715910
8,3715933
8,3715917
13,3715921
8,3715902
13,3715924
8,3715930
8,3715904
13,3715929
13,3715934
8,3715908
8,3715931
8,3715915
8,3715923
8,3715919
8,3715905
13,3715936
8,3715918
8,3715926
8,3715922
8,3715901
13,3715938
13,3715942
8,3715906
13,3715939
13,3715912
8,3715928
13,3715935
13,3715940
7,37101PR26
2,37101PR24
2,37101PR20
2,37101PR09
7,37101PR01
7,37101PR22
2,37101PR21
2,37101PR25
2,37101PR27
2,37101PR28
2,37101PR10
2,37101PR19
2,37101PR12
7,37101PR13
2,37101PR30
7,37101PR06
7,37101PR08
2,37101PR05
7,37101PR14
7,37101PR16
7,37101PR15
7,37101PR02
7,37101PR07
7,37101PR04
7,37101PR18
2,37101PR29A
2,37101PR32
2,37101PR29B
2,37101PR34
2,37101PR11B
2,37101PR31B
2,37101PR31A
7,37101PR23
7,37101PR33
7,37101PR03
7,37101PR17
2,37101PR11A
9,37017P201
9,37017P10
9,37017P202
9,37017P40
7,37017P25
7,37017P30
7,37017P75
9,37017P60
9,37017P45
9,37017P80
9,37017P70
9,37017P15
9,37017P35
9,37017P501
7,37017P502
7,37017P65
7,37017P55
11,37087BC
11,37087CL-N
11,37087IH
11,37087ID
11,37087BE-2
11,37087JC
11,37087WS-2
11,37087WS-1
11,37087WO
11,37087WW
11,37087LJ
11,37087AC
11,37087PC
11,37087BE-1
11,37087P
11,37087FC-1
11,37087EF
11,37087CL-S
11,37087WE
11,37087BE56
11,37087CE
11,37087BE-3
11,37087BE-7
11,37087HA
11,37087SA
1,37083BUTWD
1,37083CONC
1,37083ENF-1
1,37083ENF-2
1,37083ENF-3
1,37083FAUCT
1,37083HAL
1,37083HOL
1,37083LIT-1
1,37083LIT-2
1,37083RINGW
1,37083ROSEN
1,37083RR-1
1,37083RR-10
1,37083RR-11
1,37083RR-2
1,37083RR-3
1,37083RR-4
3,37079BULL
3,37079SHIN
3,37079WALS
3,37079CAST
3,37079BEAR
3,37079MAUR
3,37079SH1
3,37079SUGG
3,37079ARBA
3,37079HOOK
1,37083RR-5
1,37083RR-6
1,37083RR-7
1,37083RR-8
1,37083RR-9
1,37083SN-1
1,37083SN-2
1,37083WEL-1
1,37083WEL-2
1,37083WEL-3
1,37083HOB
1,37083PAL
11,37087CR
11,37087BE-4
11,37087WC
11,37087FC-2
11,37043BRAS
11,37043WARN
11,37043HAY2
11,37043HIAW
11,37043SHCR
11,37043TUSQ
11,37043SWEE
11,37043HAY1
11,37043HAYC
3,37029SM
3,37029SH
3,37029CH
3,37053CI
3,37053GW
3,37053PP
3,37053WH
3,3704910
3,3704912
3,3704921
3,37053KI
3,37053CH
3,37053PB
3,37053CJ
3,37053CB
3,37053IR
3,37053MY
3,3704909
3,3704915
3,3704913
3,3704914
3,37049N4
3,3704907
3,37049N2
3,3704905
3,3704920
3,3704903
3,3704906
3,3704923
3,3704904
3,3704908
3,37049N1
3,37049N3
3,3704917
3,37049N5
3,3704919
3,3704922
3,3704911
3,37049N6
3,3704916
3,3704918
11,37075TAPO
11,37075STEC
11,37075WEST
11,37075EAST
1,3706350
1,3706313
1,3706322
4,3706353-2
1,3706339
1,3706343
1,3706324
1,3706346
1,3706306
5,3717120
5,3717122
5,3717119
5,3717107
5,3717126
5,3717133
5,3717101
5,3717116
5,3717123
5,3717124
5,3717111
5,3717106
5,3717103
5,3717127
5,3717112
5,3717128
1,3706319
1,3706344
1,3706323
1,3706317
1,3706337
1,3706338
5,3717105
5,3717118
5,3717109
1,3706345
1,3706325
1,3706307
1,3706308
1,3706330-2
1,3706332
1,3706329
1,3706305
1,3706326
1,3706302
1,3706348
1,3706352
1,3706318
4,3706335
1,3706347
4,3706333
2,37085PR20
2,37085PR24
2,37085PR23
2,37085PR25
2,37085PR29
2,37085PR01
2,37085PR08
2,37085PR26
2,37085PR17
2,37085PR16
2,37085PR27
2,37085PR07
2,37085PR28
4,3706353-1
1,3706330-1
1,3706331
1,3706351
1,3706327
1,3706340
1,3706354
1,3706316
1,3706312
1,3706342
1,3706341
1,3706355
1,3706314
1,3706315
1,3706301
1,3706320
1,3706321
1,3706310
1,3706304
1,3706303
5,3717110
5,3717117
5,3717104
5,3717108
5,3717125
1,3706309
1,3706334
1,3706328
1,3706336
5,3717113
5,3717102
5,3717114
5,3717121
5,3717115
2,371270002
2,371270032
2,371270034
2,371270011
2,371270006
2,371270001
10,3703521
10,3703520
10,3703522
10,3703506
10,3703517
10,3703526
10,3703519
10,3703507
10,3703515
10,3703533
5,3703529
10,3703535
10,3703537
10,3703532
10,3703527
10,3703523
7,37047P21
7,37047P17
7,37047P16
7,37047P01
7,37047P06
7,37047P08
7,37047P24
7,37047P26
5,3703539
10,3703503
10,3703524
5,3703538
10,3703516
10,3703502
10,3703525
10,3703540
10,3703534
10,3703508
10,3703513
10,3703528
10,3703541
7,37047P19
7,37047P11
7,37047P13
7,37047P05
7,37047P10
10,3703512
10,3703501
10,3703510
7,37047P04
7,37047P03
7,37047P15
10,3703514
10,3703531
10,3703504
10,3703509
10,3703536
10,3703511
7,37047P09
7,37047P20
7,37047P22
7,37047P07
7,37047P18
7,37047P23
7,37047P14
7,37047P25
7,37047P02
7,37047P12
10,3703530
10,3703505
3,371374VM
3,371375AP
7,37061BEUL
7,37061HALL
7,37061CHAR
7,37061CFRK
7,37061KENA
7,37061ROCK
7,37061CYRK
2,371270041
2,371270007
7,37061FAIS
7,37061WARS
7,37061WALL
3,371372OT
3,371374HB
3,371371RB
3,371371AL
3,371373BY
3,371372SW
7,37061CHIN
7,37061MAGN
7,37061ALBE
2,371270022
7,37061LOCK
7,37061CALY
7,37061ROSE
2,371270021
7,37061SMCA
7,37061GLIS
7,37061WOLF
2,371270005
2,371270039
2,371270026
2,371270036
2,371270003
2,371270031
2,371270038
2,371270015
2,371270035
2,371270040
2,371270025
2,371270012
2,371270004
2,371270008
2,371270033
2,371270037
8,37123ELD
8,37123OPH
8,37123UWH
8,37123WAD
11,37089BC
11,37089CC
8,37123LIT
8,37123T2
8,37123MTG
8,37123STA
8,37123BIS
8,37123PEE
8,37123T1
8,37123CHE
8,37123CAN
8,37123ROC
11,37089AT
11,37089HC
11,37089SW
11,37089NE
11,37089NB
11,37089HV-2
11,37089MG
11,37089GM
11,37089EF
11,37089RR
11,37089AR
11,37089LP
11,37089PV
11,37089ES
11,37089HS
11,37089NW
11,37089LJ
11,37089CB
11,37089SM
11,37089FR
11,37089EV
3,370411
3,370413
3,370416
3,370412
3,370414
3,370415
11,37089NM
11,37089PR
11,37089GR
11,37089BK
11,37089HV-1
9,37007POLK
9,37007GULL
9,37007ANS
9,37007BURN
9,37007MM
9,37007W3
9,37007W2
9,37007W1
9,37007LILE
9,37007WS
9,37007PEAC
11,37089SE
11,37089RG
11,37089SB
11,37089ED
11,37089FL
11,37089HV-3
1,371471507B
3,371470200A
3,371471403A
3,371471001
3,371470200B
1,371470301
1,371471504
3,371471403B
1,371471501
3,371470601
3,371470800A
3,371471511B
3,371470701
1,371471503
3,371470101
1,371471505B
11,37039HOTH
11,37039HIWA
11,37039BEAV
11,37039HANG
11,37039NOTL
11,37039BELL
11,37039MURS
11,37039PCHT
11,37039ANSW
11,37039ANNW
11,37039MURN
11,37039MARB
11,37039TOPT
11,37039BRAS
1,371471508A
1,371471506
1,371471505A
3,371471510B
3,371471402A
3,371471510A
3,371471301
3,371471102A
3,371471511A
1,371471509
3,371471101
1,371470501
1,371470401
3,371470901
3,371470800B
1,371471201
1,371471512B
3,371471102B
1,371471512A
1,371471508B
1,371471507
3,371471402B
11,37175SW
11,37175BD
11,37175GL
11,37175PF
11,37175RE
11,37175CC
11,37175B3
11,37175B2
11,37175LR
11,37175B4
11,37175WC
11,37175B1
11,37175DR
11,37175CM
11,37175BG
11,37175LT
11,37175QB
11,37175EF
7,37129H03
7,37129W16
7,37141SH12
7,37141LT18
10,37109OG10
10,37109HG17
10,37109PC22
10,37109DW28
10,37109DN29
10,37109OB21
10,37109IS23
10,37109TE27
10,37109CF19
7,3719123
7,3719117
7,3719126
7,3719115
7,3719127
7,3719111
7,3719128
7,3719108
7,3719103
7,3719109
10,37109LW18
10,37109IS20
10,37109LW31
10,37109NB03
10,37109WP32
10,37109DV08
10,37109LM16
10,37109TR30
10,37109NB09
10,37109LN11
10,37109HV07
10,37109LS12
10,37109LI14
10,37109LS15
10,37109SL24
10,37109BC13
10,37109CR06
7,3719110
7,3719114
7,3719104
7,3719102
7,3719119
7,3719101
7,3719107
7,3719116
7,3719105
7,3719124
7,3719106
7,3719122
7,3719125
7,3719121
7,3719120
7,3719118
7,3719112
10,37109BS26
10,37109AS25
3,371391-B
3,37139SAL
7,3719113
7,3719129
7,3719130
3,371394-B
3,371392-A
3,37139NIX
3,37139MH
3,37139NEW
3,371394-A
3,371393-B
3,371393-A
3,371391-A
3,371392-B
3,37139PRO
5,37193107
5,37193125
5,37193124
5,37193119
5,37193127
7,37129CF02
7,37129FP03
7,37129FP02
7,37129CF01
7,37129W30
7,37129M03
7,37129H07
7,37129H09
5,37193123
5,37193105
5,37193106
5,37193118
5,37193108
5,37193128
5,37193126
5,37193117
5,37193101
5,37193122
5,37193114
5,37193110
5,37193113
5,37193111
5,37193120
5,37193115A
5,37193121
5,37193102
5,37193112
5,37193129
5,37193104
7,37129WB
7,37129FP01
7,37129M04
7,37129FP04
5,37193103
5,37193109
7,37129W17
7,37129M02
7,37129M05
7,37129FP05
7,37129CF03
7,37129H06
7,37129W25
7,37129W08
7,37129W15
7,37129W29
7,37129W27
7,37129W03
7,37129W26
1,3718512
7,37129W31
7,37129H01
7,37129H04
7,37129W12
7,37129H08
1,371851
1,371852
1,371859
1,371853
1,371858
1,371855
1,371854
1,3718514
1,3718513
1,371856
7,37129W28
7,37129H02
7,37129W13
7,37129H05
1,3718510
1,371857
1,3718511
7,37129W24
7,37129W18
7,37129W21
6,37081CG1
13,37081H17
6,37081G08
6,37081STOK
13,37081G12
6,37081JEF2
13,37081G13
13,37081H20A
13,37081JAM1
13,37081H20B
6,37081SF2
13,37081G11
13,37081G16
13,37081G01
6,37081G72
6,37081G68
13,37081SUM1
6,37081GR
13,37081H21
6,37081NCGR2
6,37081MON3
6,37081NMAD
6,37081NWASH
6,37081OR1
6,37081SF1
6,37081NCGR1
6,37081OR2
6,37081MON2
6,37081SWASH
6,37081SF4
6,37081SMAD
6,37081SF3
13,37081G37
13,37081G15
13,37081G67
13,37081G14
13,37081H22
13,37081JAM4
13,37081SUM2
13,37081H18
13,37081H19B
6,37081CG2
6,37081CG3B
13,37081G49
6,37081G71
13,37081H15
13,37081H19A
11,37099CAN
11,37099GCK
11,37099CUL
11,37099SYLDIL
11,37099SAV
11,37099WEB
11,37099CFK
11,37099RIV
11,37099ALLSC
11,37099BCK
11,37099HAMMNT
11,37099CAS
11,37099QUA
6,37081CG3A
6,37081G27
6,37081JEF1
6,37081MON1
13,37081G63
13,37081G45
13,37081G44
13,37081G70
13,37081G69
13,37081PG1
6,37081G28
6,37081G26
13,37081NDRI
6,37081G10
13,37081FR5
6,37081G09
13,37081G48
13,37081HP
13,37081G46
13,37081G47
13,37081SUM3
13,37081H16
13,37081FR3
6,37081G40A2
13,37081FR4
6,37081G25
13,37081G74
13,37081G51
13,37081H10
13,37081H06
13,37081H11
6,37081G29
13,37081G40B
13,37081G21
13,37081G40A1
6,37081RC1
13,37081G50
13,37081FR2
6,37081JEF4
13,37081H05
13,37081H12
13,37081H14
13,37081JAM5
13,37081G30
6,37081G24
6,37081GIB
13,37081G22
13,37081G73
6,37081JEF3
13,37081G62
13,37081FR1
13,37081H09
13,37081H13
13,37081PG2
13,37081G41
6,37081G06
13,37081G23
13,37081G32
6,37081G07
13,37081H25
13,37081H27
13,37081G61
13,37081H07
6,37081SCLAY
13,37081G31
13,37081G20
6,37081G03
13,37081G52
13,37081G60
13,37081G58
13,37081G75
13,37081H24
13,37081SUM4
13,37081H08
13,37081H02
6,37081G05
13,37081G64
13,37081G34
13,37081SDRI
13,37081G56
13,37081G66
13,37081G65
13,37081G53
13,37081H03
13,37081H04
13,37081H01
13,37081G33
13,37081G39
6,37081G02
13,37081G54
13,37081JAM3
13,37081H26
13,37081G19
13,37081G42
13,37081G18
13,37081G59
13,37081FEN1
13,37081G57
13,37081G17
6,37081RC2
6,37081G04
13,37081G36
13,37081G38
13,37081JAM2
13,37081H23
13,37081G35
13,37081G43
13,37081FEN2
13,37081G55
13,37081NCLAY1
6,37081NCLAY2
5,37067201
5,37067112
5,37067603
7,37163CLEA
7,37163AUTR
7,37163ROSE
7,37163TURK
7,37163SBRG
7,37163WBRK
7,37163LAKE
7,37163GARL
7,37163CLCE
7,37163KFRK
7,37163CLNE
7,37163PLVW
7,37163CLSW
7,37163CLWE
7,37163KEEN
7,37163HARR
7,37163INGO
7,37163ROWA
7,37163NGRV
7,37163GIDD
7,37163MING
7,37163CLEM
5,37067805
5,37067503
7,37163HERR
5,37067606
5,37067068
5,37067504
5,37067405
5,37067204
5,37067306
5,37067206
5,37067605
5,37067011
5,37067065
5,37067803
5,37067802
5,37067706
5,37067901
5,37067903
5,37067907
5,37067801
5,37067122
5,37067033
5,37067083
5,37067207
5,37067064
5,37067904
5,37067111
5,37067809
5,37067807
5,37067071
5,37067052
5,37067908
5,37067501
5,37067909
5,37067123
5,37067602
5,37067906
5,37067081
5,37067034
5,37067132
5,37067072
5,37067502
5,37067062
5,37067074
5,37067015
5,37067404
5,37067131
5,37067808
5,37067075
5,37067053
5,37067705
5,37067707
5,37067101
5,37067806
5,37067701
5,37067067
5,37067073
5,37067133
5,37067051
5,37067055
5,37067054
5,37067702
5,37067905
5,37067709
5,37067031
5,37067032
5,37067092
5,37067091
11,37115SANDY
11,37115NORTH
11,37115LAUREL
11,37115REVERE
11,37115GRAPEV
11,37115EBBS-C
11,37115MARS-H
11,37115SOUTH
11,37115WALNUT
11,37115HOT-SP
11,37115SPRING
11,37115BEECH
3,37095BM
3,37095OCK
3,37095ENG
3,37095FF
3,37095SLAD
3,37095SQ
3,37095LL
1,37117W
1,37117J
1,37117GR
1,37117GN
1,37117HM
1,37117W2
1,37117HS
1,37117R2
1,37117W1
1,37117PP
1,37117R1
1,37117CR
1,37117BG
4,37135NS
4,37135WD
4,37135EA
4,37135LC
4,37135CH
4,37135WC
4,37135CB
4,37135SM
4,37135KM
4,37135CX
4,37135HF
4,37135H
4,37135CC
4,37135PA
4,37135SJ
4,37135TO
4,37135CO
4,37135CP
4,37135ENO
4,37135BC
4,37135TH
4,37135CF
4,37135DA
4,37135CS1
4,37135CW
4,37135EF
4,37135WH
4,37135GL
4,37135RF
6,3700111
6,3700110S
6,3700109S
6,3700110N
4,37135OW
4,37135LI
4,37135GR
4,37135OG
4,37135EH
4,37135ES
4,37135CA
4,37135CG
4,37135WW
4,37135NC
4,37135MF
4,37135BP
4,37135DM
4,37135GB
1,37077ANTI
1,37077SASS
1,37077CRDL
1,37077SALM
1,37077TYHO
1,37077WOEL
1,37077CORI
1,37077SOOX
1,37077WILT
1,37077CRDM
1,37077BTNR
1,37077MTEN
1,37077BERE
1,37077OKHL
1,37077EAOX
5,37067301
5,37067607
5,37067043
5,37067013
5,37067601
5,37067804
5,37067708
5,37067304
5,37067014
5,37067082
5,37067061
5,37067012
5,37067066
5,37067021
5,37067401
5,37067506
5,37067402
5,37067902
5,37067203
5,37067303
5,37067205
5,37067042
5,37067703
5,37067507
5,37067403
5,37067505
5,37067302
5,37067704
5,37067063
5,37067604
5,37067305
6,3715114
6,3715117
6,3715121
6,3715122
6,3715102
6,3715107
6,3715105
6,3715108
6,3715124
6,3715120
6,3715106
6,3715134
6,3715140
6,3715118
6,3715109
6,3715116
6,3715110
6,3715137
6,3715133
6,3715132
6,3715112
6,3715111
6,3715125
6,3715131
6,3715136
6,3715126
6,3715113
6,3715139
6,3715101
6,3715135
6,3715103
6,3715115
6,3715127
6,3715119
6,3715104
6,3715128
6,3715123
6,3715129
6,3715130
6,3715138
3,37107SH
3,37107SW
3,37107N
3,37107K2
3,37107I
3,37107T1
3,37107FC
3,37107MH
3,37107K7
3,37107K9
3,37107K1
3,37107K6
3,37107K4
11,37027PR07
11,37027PR19
11,37027PR02
11,37027PR08
11,37027PR17
3,37107K8
3,37107K3
3,37107V
3,37107C
3,37107T2
3,37107W
11,37027PR27
11,37027PR18
11,37027PR21
11,37027PR12
11,37027PR16
11,37027PR24
11,37027PR29
11,37027PR25
11,37027PR22
11,37027PR06
11,37027PR13
11,37027PR15
11,37027PR01
11,37027PR05
2,3706912
2,3706911
2,3706909
3,37107K5
3,37107PH2
3,37107PH1
11,37027PR28
11,37027PR23
11,37027PR09
11,37027PR14
2,3706919
2,3706903
2,3706915
2,3706902
2,3706906
2,3706901
2,3706914
2,3706907
2,3706908
2,3706913
2,3706910
2,3706918
2,3706916
2,3706905
2,3706917
11,3719904-RAM
11,3719909-SOU
11,3719910-PEN
11,3719911-PRI
11,3719901-BUR
11,3719908-CRA
11,3719902-CAN
11,3719906-JAC
11,3719907-BRU
11,3719903-EGY
11,3719905-GRE
6,3700112E
6,3700112W
6,3700106N
6,37001126
6,37001063
6,3700106W
6,37001124
6,370011210
6,3700103N
6,3700102
6,3700106E
6,3700106S
6,3700112N
6,3700101
6,37001125
6,37001129
6,3700103S
6,3700108S
6,3700108N
6,37001064
6,37001128
6,3700103W
6,37001103
6,3700107
6,3700112S
6,3700104
6,3700105
6,3700113
6,37001035
6,3700103C
6,3700109N
6,37001127
11,37111N.COVE
11,37111DYSART
11,37111GLENWD
11,37111M.COVE
11,37111MAR-5
11,37111PLEASA
11,37111FORT-1
11,37111MAR-1
11,37111MAR-4
11,37111HIGGIN
11,37111MAR-3
11,37111WEST-M
11,37111CCREEK
11,37111FORT-2
11,37111MAR-2
11,37111NEBO
11,37111T.COVE
6,37037PIT113
6,3703715
6,370376
6,37037NWM117
6,3703778
6,370379
6,3703718
6,3703745
6,3703742
6,37037MCH110
6,370373
6,3703785
6,3703724
6,3703721
6,37037ESC114
6,3703730
6,3703720
6,3703775
1,37181WATK
1,37181WH2
1,37181SH1
1,37181TWNS
1,37181MIDD
1,37181DABN
1,37181SCRK
1,37181SH2
1,37181EH1
1,37181WMSB
1,37181NH2
1,37181HTOP
1,37181NH1
1,37181EH2
1,37181WH1
1,37181KITT
11,370230029
11,370230018
11,370230001
11,370230051
11,370230021
11,370230040
11,370230062
11,370230013
11,370230019
11,370230020
11,370230052
11,370230066
11,370230034
11,370230022
11,370230047
11,370230048
11,370230036
11,370230038
11,370230031
11,370230035
11,370230024
11,370230015
11,370230039
11,370230011
11,370230053
11,370230064
11,370230070
11,370230003
11,370230014
11,370230012
11,370230065
8,371670008
8,371670013
8,371670007
8,371670023
8,371670028
8,371670012
8,371670015
8,371670017
8,371670019
8,371670010
8,371670018
8,371670020
8,371670024
13,3705901
13,3705902
13,3705903
13,3705904
13,3705905
13,3705906
13,3705907
13,3705908
13,3705909
13,3705910
13,3705911
13,3705912
13,3705913
13,3705914
8,371670014
8,371670026
8,371670021
8,371670027
8,371670003
8,371670022
8,371670011
8,371670016
8,371670002
8,371670025
1,37195PRWC
1,37195PRWB
1,37195PRWP
1,37195PRWL
2,37195PROL
1,37195PRWA
1,37195PRWE
2,37195PRBL
2,37195PRSP
1,37195PRWN
1,37195PRTO
2,37195PRTA
1,37195PRSA
1,37195PRWJ
1,37195PRWH
1,37195PRWM
1,37195PRWK
1,37195PRWQ
1,37195PRGA
1,37195PRWD
1,37195PRWI
1,37195PRWR
2,37195PRCR
1,37195PRST
5,37197BNVL
5,37197DCRK
5,37197EBND
5,37197FBSH
5,37197NBCK
5,37197NFAL
5,37197NKNB
5,37197NLIB
5,37197SBCK
5,37197SFAL
5,37197SKNB
5,37197SLIB
10,37045WACO
10,37045CASAR
10,37045LAWNDL
10,37045S5
10,37045POLKVL
10,37045KM3
10,37045BSPGS
10,37045MULLS
10,37045LATT
10,37045GROVER
10,37045S8
10,37045S7
10,37045S6
10,37045KM4
10,37045KM2
10,37045FALSTN
10,37045KINGST
10,37045S4
10,37045S1
10,37045OAKGR
10,37045RIPPY
10,37045S2
10,37045MRB-YO
10,37045SHANGI
10,37045H-SPGS
10,37045S3
10,37045BETHWR
10,37045KM1
7,3701907
7,3701922
7,3701920
7,3701917
7,3701901
7,3701911
7,3701913
7,3701910
7,3701905
7,3701919
7,3701916
7,3701914
7,3701915
7,3701902
7,3701923
7,3701921
7,3701908
7,3701904
7,3701903
7,3701918
7,3701912
7,3701906
7,3701909
8,37125LTR
8,37125PHC
8,37125RBN
8,37125DHR
8,37125WEM
8,37125CAR
8,37125PHA
8,37125EAB
8,37125VSS
8,37125WAB
8,37125BEN
8,37125SSP
8,37125WND
8,37125SLS
8,37125CAM
8,37125PBF
8,37125PHB2
8,37125TLT
8,37125PHB1
8,37125EUR
8,37125PDN
8,37125KWD
8,37125EWD
8,37125NSP
5,3700904
5,3700916
5,3700913
5,3700914
5,3700920
5,3700909
5,3700915
5,3700912
5,3700903
5,3700910
5,3700902
5,3700911
5,3700917
5,3700907
5,3700906
5,3700918
5,3700908
11,3712101
11,3712104
11,3712106
11,3712107
11,3712105
11,3712103
11,3712109
11,3712108
11,3712102
9,3715305
9,3715309
9,3715314
9,3715304
9,3715301
9,3715308
9,3715316
9,3715302
9,3715313
9,3715315
9,3715312
9,3715311
9,3715310
9,3715307
9,3715306
9,3715303
1,37131LAKE-G
1,37131GASTON
1,37131SEABOA
1,37131RICH-S
1,37131SEVERN
1,37131PLEASA
1,37131GARYSB
1,37131GALATI
1,37131NEWTOW
1,37131PENDLE
1,37131WOODLA
13,3705702
13,3705750
13,3705710
13,3705748
13,3705760
13,3705752
13,3705740
13,3705728
13,3705770
13,3705776
13,3705780
13,3705768
13,3705772
13,3705722
13,3705774
1,37131JACKSO
1,37131CREEKS
1,37131REHOBE
1,37131CONWAY
1,37131LASKER
13,3705736
13,3705716
13,3705726
13,3705704
13,3705782
13,3705724
13,3705730
13,3705766
13,3705712
13,3705754
13,3705746
13,3705758
13,3705708
13,3705734
13,3705742
13,3705720
13,3705718
13,3705784
13,3705778
13,3705706
13,3705744
13,3705762
13,3705732
13,3705756
1,37131MILWAU
13,3705764
13,3705738
13,3705714
1,37131POTECA
3,37103P01
3,37103P02
3,37103P04
3,37103P07
3,37103P05
3,37103P03
3,37103P06
5,37003B1
5,37003B2
5,37003E
5,37003G1
5,37003G2
5,37003L
5,37003M
5,37003S1
5,37003S2
5,37003SL
5,37003T1
5,37003T2
5,37003T3
5,37003T4
5,37003T5
5,37003W
13,37097CC1
10,37097FT
12,37119208
12,37119127
13,37097BE
13,37097OL
13,37097SB
13,37097TB
13,37097DV2-B
13,37097EM
13,37097CD
13,37097UG
1,37091WN
1,37091CM
1,37091CO
1,37091UN
1,37091M2
1,37091BR
1,37091M1
1,37091A1
1,37091HV
1,37091A2
1,37091A3
1,37091SJ
13,37097NH
13,37097CH-B
13,37097ST4
1,37091ML
13,37097SH-B
13,37097ST3
13,37097ST6
13,37097ST1
13,37097ST5
13,37097SH-A
13,37097ST2
13,37097DV2-A
13,37097DV1-B
13,37097CC4
13,37097CC2
13,37097DV1-A
13,37097CH-A
10,3707102
10,3707108
10,3707123
10,3707116
10,3707120
10,3707125
10,3707117
10,3707146
10,3707130
10,3707107
10,3707105
10,3707121
10,3707112
10,3707137
10,3707126
1,370650701
1,370650101
1,370650601
1,370651204
10,3707134
10,3707114
10,3707118
10,3707145
10,3707110
10,3707138
10,3707142
10,3707115
10,3707139
10,3707122
10,3707106
10,3707132
10,3707133
1,370650801
1,370650104
1,370651202
1,370650501
1,370651001
1,370651401
1,370650401
1,370650301
1,370651203
1,370651205
1,370651201
1,370650102
1,370651301
10,3707143
10,3707131
10,3707119
10,3707140
10,3707144
10,3707141
10,3707103
10,3707113
1,370650901
1,370651101
1,370650103
1,370650201
10,3707111
10,3707136
10,3707135
10,3707104
10,3707128
10,3707127
10,3707109
10,3707124
10,3707101
10,3707129
8,3702504-02
8,3702502-07
8,3702502-02
8,3702512-09
8,3702512-12
8,3702501-10
8,3702512-08
8,3702512-03
8,3702502-03
8,3702503-00
8,3702505-00
8,3702504-06
8,3702511-02
8,3702504-10
8,3702510-00
8,3702501-02
8,3702504-08
8,3702502-06
8,3702502-01
8,3702504-07
8,3702502-05
1,37187P2
1,37187SC
1,37187LM
1,37187SK
1,37187P3
8,3702501-06
8,3702501-04
1,37187P1
8,3702504-01
8,3702512-02
6,37105C
6,37105A
6,37105E
6,37105D
6,37105B
8,3702504-05
8,3702512-06
8,3702512-11
8,3702512-04
8,3702502-08
8,3702512-05
8,3702512-01
8,3702512-07
8,3702511-01
8,3702502-09
8,3702501-08
8,3702501-09
1,370734N
1,370734S
1,370732
1,370733
1,370731
1,370735
8,3702501-07
8,3702506-00
8,3702507-00
8,3702508-00
8,3702509-00
8,3702504-04
8,3702512-10
8,3702504-03
8,3702504-09
3,37133HR17
3,37133FS16
3,37133SW19
3,37133EN03
3,37133CR07
3,37133NR02
3,37133WN04
3,37133BM08
3,37133RL09
3,37133NE22
3,37133JA01
3,37133GB12
3,37133MT24
3,37133ML23
3,37133BC21
3,37133TL06
3,37133VR15
3,37133CL10
3,37133NM13
3,37133HU20
3,37133HM05
3,37133HN14
3,37133SF18
11,3702113.1
11,3702124.1
11,37021101.1
6,37145HLWY
6,37145ROX3
6,37145WDSD
6,37145CUCL
6,37145MTTZ
6,37145FLRI
11,3702171.1
10,3702128.1
10,3702166.1
10,3702161.1
10,3702160.2
11,3702149.1
11,3702163.1
11,3702115.1
10,3702162.1
10,3702133.3
10,3702134.1
11,37021107.1
6,37145ROX4
6,37145ROX2
6,37145RX1A
6,37145ROX1
6,37145HUML
6,37145ALVI
6,37145BFRK
6,37145OLHI
10,3702119.1
10,3702138.3
10,3702110.1
10,3702112.1
10,3702137.1
10,3702101.1
10,3702155.1
11,3702150.1
10,3702164.1
10,3702111.1
11,3702105.1
10,3702135.1
11,3702141.1
11,3702131.1
10,37021103.1
11,3702158.1
10,3702157.1
11,3702145.1
10,3702136.1
10,3702103.1
11,37021105.1
10,3702106.1
10,3702133.2
10,37021104.1
10,3702132.1
10,3702125.1
11,3702159.1
10,3702139.1
10,37021100.1
10,3702114.2
11,3702104.1
11,3702152.1
11,37021106.1
11,3702146.1
11,3702168.1
10,37021102.1
11,3702170.1
10,3702165.1
11,3702147.1
11,3702153.1
11,3702148.1
10,3702138.2
10,3702107.1
10,3702120.1
11,3702167.1
10,3702117.1
11,3702126.1
10,3702102.1
11,3702130.1
11,3702169.1
11,3702144.1
10,3702109.1
9,3715529
9,3715507
9,3715519
9,3715505
9,3715538
9,3715540
9,3715537
9,3715511
9,3715515
9,3715520
9,3715536
9,3715521
9,3715502
9,3715526
9,3715535
9,3715541
9,3715539
9,3715532
9,3715530
9,3715503
9,3715501
9,3715510
9,3715533
9,3715531
9,3715528
9,3715522
9,3715527
9,3715524
9,3715525
9,3715504
9,3715523
9,3715516
9,3715517
9,3715513
9,3715512
9,3715514
9,3715508
9,3715506
9,3715518A
9,3715509
9,3715534
3,37055KTHK
3,37055DUCK
3,37055KDH
3,37055EL
3,37055STPT
3,37055CHCA
3,37055MH
7,37141CF11
3,37055SOSH
3,37055COL
3,37055MATO
3,37055NGHD
3,37055AVON
7,37141CL05
7,37141CS04
7,37141CT03
7,37141GR06
7,37141LC09
7,37141LU16
7,37141MH07
7,37141MT19
3,37143PARKVI
3,37143BELVID
3,37143NICANO
3,37143BETHEL
3,37143EAST-H
3,37055HAT
3,37055FRCO
3,37055BUX
7,37141NB01
7,37141PL10
3,37143WEST-H
3,37143NEW-HO
3,37055WAN
7,37141RP20
7,37141SB02
7,37141SC13
7,37141SP15
7,37141UH08
7,37141UT14
7,37141UU17
9,371658
9,371653
9,371654
9,371659
9,371657
9,3716510
9,371652
9,371655
9,371656
9,371651
3,37013RVRD
3,37013AUROR
3,37013NCRK
3,37013WASH1
3,37013BLCK
3,37013OLDF
3,37013PINET
3,37013BELHV
3,37013GILEA
3,37013TCRK
3,37013PSJW3
3,37013CHOCO
3,37013WASH2
3,37013PANTE
3,37013WASH4
3,37013BEADM
3,37013EDWAR
3,37013SURBA
3,37013HB
3,37013WDPD
3,37013WASHP
5,3700506
5,3700505
5,3700501
5,3700503
5,3700504
5,3700502
5,3700507
10,3716104A
10,3716116A
10,3716127
10,3716128
10,3716106A
10,3716113
10,3716130
10,3716114
10,3716110A
10,3716103A
10,3716119
10,3716134
10,3716109A
10,3716118
10,3716105A
10,3716111
10,3716129
9,37119001
12,37119002
12,37119042
12,37119043
12,37119044
9,37119091
9,37119092
12,37119094
12,37119095
9,37119096
9,37119226
3,3717716
12,37119003
12,37119004
12,37119005
12,37119045
12,37119046
9,37119217
12,37119097
12,37119098
9,37119227
12,37119229
12,37119230
12,37119231
9,37119232
9,37119233
12,37119234
9,37119236
12,37119007
9,37119008
12,37119047
9,37119048
12,37119099
9,37119100
9,37119101
12,37119102
9,37119103
12,37119104
12,37119237
12,37119238.1
12,37119151
12,37119009
12,37119010
12,37119049
12,37119050
12,37119105
12,37119106
12,37119146
12,37119107.1
12,37119239
12,37119145
12,37119241
12,37119242
12,37119243
9,37119220
12,37119235
12,37119011
12,37119012
12,37119051
12,37119052
12,37119109
9,37119110
9,37119111
9,37119112
9,37119113
12,37119204.1
12,37119149
12,37119202
12,37119206
12,37119013
12,37119014
12,37119015
12,37119054
12,37119055
12,37119056
9,37119114
12,37119115
12,37119116
12,37119117
12,37119006
12,37119016
9,37119057
12,37119058
9,37119118
9,37119119
12,37119120
9,37119121
12,37119017
9,37119018
9,37119019
12,37119059
12,37119060
12,37119061
12,37119123
12,37119124
12,37119125
12,37119126
12,37119128
12,37119020
12,37119021
12,37119062
12,37119063
12,37119129
12,37119087
12,37119130
12,37119022
12,37119023
12,37119053
12,37119064
12,37119065
9,37119131
12,37119132
12,37119024
12,37119040
12,37119025
12,37119066
12,37119067
12,37119133
12,37119134
12,37119135
9,37119136
9,37119137
12,37119138
12,37119148
9,37119139.1
12,37119140
12,37119026
12,37119027
12,37119068
9,37119069
9,37119070
9,37119071
9,37119144
12,37119141
12,37119142
12,37119143
12,37119028
12,37119029
12,37119030
12,37119031
9,37119072
9,37119073
9,37119074
12,37119240
12,37119200
12,37119201
12,37119203
12,37119205
12,37119207
12,37119209
12,37119210
12,37119211
12,37119212
9,37119032
12,37119033
12,37119034
9,37119075
9,37119076
12,37119122
12,37119077
12,37119225
12,37119228
12,37119213
12,37119214
9,37119215
12,37119035
12,37119036
12,37119147
12,37119078.1
9,37119216
9,37119218
3,3717714
3,3717703
12,37119037
12,37119038
12,37119039
12,37119041
12,37119079
12,37119080
12,37119081
12,37119082
12,37119083
12,37119084
12,37119108
12,37119085
9,37119093
9,37119086
12,37119088
12,37119089
9,37119090
9,37119219
9,37119221
12,37119222
12,37119150
12,37119223.1
12,37119224
3,3717701
3,3717702
3,3717715
6,37157CO
6,37157MC
6,37157WM
6,37157EC
6,37157RC
6,37157LI
6,37157ED-1
6,37157LK-2
6,37157DR
6,37157VA
6,37157HU
6,37157HO
6,37157MD
6,37157RD-1
6,37157IR
6,37157MA
6,37157NB
6,37157AV
11,37173ALMOND
11,3711306
11,3711310
11,3711311
11,3711309
11,3711305
11,3711308
11,3711302
11,3711312
11,3711307
11,3711313
11,3711314
11,3711315
11,3711304
11,3711301
11,3711303
5,3716917
5,3716916
5,3716915
5,3716912
5,3716910
5,3716903
5,3716911
5,3716907
5,3716901
5,3716902
5,3716913
5,3716908
5,3716906
5,3716909
5,3716904
5,3716905
5,3716920
5,3716914
5,3716919
5,3716918
9,37179033
9,37179041
9,37179021
9,37179028
9,37179020B
9,37179029C
9,37179017B
9,37179031
9,37179043
9,37179038A
9,37179019
9,37179007
9,37179022
9,37179037A
9,37179018
9,37179023
9,37179042
9,37179005
9,37179004
9,37179001
9,37179034
9,37179006
9,37179036
9,37179027
9,37179008
9,37179013
9,37179039
9,37179010
9,37179003
9,37179002
9,37179025
9,37179024
9,37179009
9,37179026
9,37179032
9,37179040
9,37179014
9,37179030
9,37179016
9,37179015
9,37179012
9,37179035
9,37179011
9,37179020A
9,37179017A
9,37179029A
9,37179038B
9,37179037B
9,37179029B
4,3718308-05
2,3718308-04
4,3718308-03
4,3718308-02
4,3718301-26
4,3718301-25
4,3718301-23
4,3718307-13
4,3718307-12
4,3718307-11
4,3718307-10
4,3718307-09
4,3718301-22
4,3718301-21
4,3718301-20
4,3718301-19
4,3718301-18
4,3718301-17
4,3718301-16
4,3718301-15
4,3718307-07
4,3718307-06
4,3718307-05
4,3718301-14
4,3718301-13
4,3718301-12
4,3718301-11
4,3718307-04
4,3718307-03
4,3718307-02
4,3718301-10
4,3718301-09
4,3718301-07
4,3718307-01
2,3718306-06
2,3718306-07
2,3718306-05
2,3718306-04
2,3718306-01
4,3718305-06
4,3718305-05
4,3718305-04
4,3718305-03
4,3718305-01
4,3718304-21
4,3718301-06
4,3718301-05
4,3718304-20
4,3718304-19
4,3718304-18
4,3718301-04
4,3718301-03
4,3718304-17
4,3718304-16
4,3718304-15
4,3718304-14
4,3718304-13
4,3718304-12
4,3718301-02
4,3718301-01
4,3718304-11
4,3718304-10
4,3718304-09
4,3718304-08
2,3718304-07
4,3718304-06
4,3718304-05
4,3718304-04
4,3718304-03
4,3718304-02
2,3718320-12
2,3718320-11
4,3718320-10
4,3718320-09
2,3718320-08
2,3718320-06
2,3718320-05
4,3718320-04
4,3718320-03
4,3718320-02
4,3718320-01
4,3718319-17
4,3718319-16
2,3718319-12
2,3718319-11
4,3718304-01
2,3718303-00
2,3718302-06
2,3718302-05
2,3718302-04
2,3718302-03
2,3718302-02
2,3718302-01
2,3718319-10
2,3718319-09
2,3718319-07
2,3718319-06
2,3718319-05
2,3718319-04
2,3718319-03
4,3718318-08
2,3718318-07
4,3718318-06
2,3718318-05
2,3718318-04
2,3718318-03
2,3718318-02
4,3718318-01
4,3718317-11
4,3718301-51
4,3718301-50
4,3718301-49
4,3718301-48
2,3718301-47
4,3718317-10
4,3718317-09
4,3718317-08
4,3718317-07
2,3718317-06
4,3718317-05
4,3718317-04
4,3718317-03
4,3718317-02
4,3718317-01
2,3718316-09
4,3718316-08
4,3718316-07
4,3718301-46
4,3718301-45
4,3718316-06
2,3718316-05
4,3718316-04
4,3718301-44
4,3718301-43
2,3718301-42
4,3718301-41
4,3718316-03
4,3718316-02
2,3718316-01
2,3718315-04
2,3718315-03
2,3718315-02
2,3718315-01
2,3718314-02
2,3718314-01
2,3718313-11
2,3718313-10
4,3718313-09
4,3718301-40
4,3718301-39
4,3718301-38
4,3718301-37
4,3718301-36
4,3718301-35
4,3718313-08
4,3718313-07
4,3718313-06
4,3718313-05
4,3718313-02
4,3718313-01
2,3718312-09
2,3718312-08
2,3718312-07
2,3718312-06
2,3718312-05
2,3718312-04
4,3718301-34
4,3718301-33
2,3718312-02
2,3718312-01
4,3718311-02
4,3718311-01
2,3718310-04
2,3718310-03
2,3718310-02
2,3718310-01
2,3718309-03
2,3718309-02
2,3718309-01
4,3718308-11
4,3718308-10
4,3718308-09
2,3718308-08
2,3718308-07
4,3718308-06
4,3718301-32
4,3718301-31
4,3718301-30
4,3718301-29
4,3718301-28
4,3718301-27
3,37031MARS
3,37031NPT1
3,37031NPT2
3,37031HAIS
3,37031IBSP
3,37031MHD4
3,37031OTST
3,37031BFT1
3,37031CCCP
3,37031PELE
3,37031BFT2
3,37031MHD1
3,37031WILD
3,37031BOGU
3,37031MCRK
3,37031MHD2
3,37031ABCH
3,37031BCRK
3,37031EMIS
3,37031SMYR
3,37031CDIS
3,37031SLVL
3,37031STAC
3,37031BETT
3,37031HARL
3,37031WIRE
3,37031MHD3
3,37031PKNL
3,37031DAVI
3,37031NRIV
3,37031STEL
3,37031MERR
3,37031ATLN
3,37031WILL
8,37051CC34
8,37051CC18
8,37051CU02
8,37051G4
8,37051G8
8,37051CC06
8,37051CC13
9,37051CC16
8,37051CC12
8,37051CC15
8,37051CC10
8,37051CC07
8,37051CC08
8,37051CC04
9,37051CC05
8,37051CC19
9,37051G9
9,37051G6
9,37051AL51
8,37051AH49
8,37051G10
9,37051EO61-1
9,37051EO61-2
8,37051CC31
8,37051G2
8,37051CL57
9,37051CC01
8,37051CC17
8,37051CC26
8,37051G11
8,37051LI65
8,37051CC27
9,37051G3
8,37051MR02
9,37051SH77
9,37051G1
8,37051CC14
8,37051CC21
8,37051G7
8,37051CC25
8,37051CC03
8,37051CC33
8,37051CC32
8,37051LR63
8,37051MB62
8,37051CC24
8,37051CC29
8,37051G5
11,37173ALARKA
11,37173BC2
11,37173BC1
11,37173WHCH
